-- --------------------------------------------------------
-- Host:                         127.0.0.1
-- Server version:               10.5.29-MariaDB-ubu2004 - mariadb.org binary distribution
-- Server OS:                    debian-linux-gnu
-- HeidiSQL Version:             11.1.0.6116
-- --------------------------------------------------------

/*!40101 SET @OLD_CHARACTER_SET_CLIENT=@@CHARACTER_SET_CLIENT */;
/*!40101 SET NAMES utf8 */;
/*!50503 SET NAMES utf8mb4 */;
/*!40014 SET @OLD_FOREIGN_KEY_CHECKS=@@FOREIGN_KEY_CHECKS, FOREIGN_KEY_CHECKS=0 */;
/*!40101 SET @OLD_SQL_MODE=@@SQL_MODE, SQL_MODE='NO_AUTO_VALUE_ON_ZERO' */;
/*!40111 SET @OLD_SQL_NOTES=@@SQL_NOTES, SQL_NOTES=0 */;


-- Dumping database structure for mojang
CREATE DATABASE IF NOT EXISTS `mojang` /*!40100 DEFAULT CHARACTER SET utf8mb4 COLLATE utf8mb4_unicode_520_ci */;
USE `mojang`;

-- Dumping structure for table mojang.auth_permissions
CREATE TABLE IF NOT EXISTS `auth_permissions` (
  `id` int(11) unsigned NOT NULL AUTO_INCREMENT,
  `name` varchar(100) DEFAULT NULL,
  `url` varchar(30) DEFAULT NULL,
  `icon` varchar(30) DEFAULT NULL,
  `parent_id` int(11) DEFAULT NULL,
  `is_show` int(11) DEFAULT 0,
  `is_order` int(11) NOT NULL DEFAULT 0,
  PRIMARY KEY (`id`),
  KEY `parent_id` (`parent_id`)
) ENGINE=InnoDB AUTO_INCREMENT=57 DEFAULT CHARSET=utf8mb4 COLLATE=utf8mb4_general_ci;

-- Dumping data for table mojang.auth_permissions: ~13 rows (approximately)
/*!40000 ALTER TABLE `auth_permissions` DISABLE KEYS */;
INSERT INTO `auth_permissions` (`id`, `name`, `url`, `icon`, `parent_id`, `is_show`, `is_order`) VALUES
	(7, 'My Task', 'home', 'bi bi-grid-fill', NULL, 1, 1),
	(45, 'Resume', 'resume-task', 'bi bi-files', NULL, 1, 3),
	(47, 'Explore Task', 'explore-task', 'bi bi-stack', NULL, 1, 2),
	(48, 'History', 'history-task', 'bi bi-calendar4', NULL, 1, 4),
	(49, 'Kelola Data', '#', 'bi bi-collection-fill', NULL, 1, 5),
	(50, 'Data Pegawai', 'manage-pegawai', NULL, 49, 1, 0),
	(51, 'Data Instansi', 'manage-instansi', NULL, 49, 1, 0),
	(52, 'Data SS/IKU', 'manage-iku', NULL, 49, 1, 0),
	(53, 'Data Layanan', 'manage-layanan', NULL, 49, 1, 0),
	(54, 'Data Bidang', 'manage-bidang', NULL, 49, 1, 0),
	(55, 'Hak Akses Pengguna', 'manage-role', NULL, 49, 1, 0),
	(56, 'Log Pengguna', 'manage-log', NULL, 49, 1, 0);
/*!40000 ALTER TABLE `auth_permissions` ENABLE KEYS */;

-- Dumping structure for table mojang.auth_useragent
CREATE TABLE IF NOT EXISTS `auth_useragent` (
  `id` int(11) NOT NULL AUTO_INCREMENT,
  `username` varchar(20) DEFAULT NULL,
  `user_agent_hash` text DEFAULT NULL,
  `user_agent` text DEFAULT NULL,
  `language` varchar(20) DEFAULT NULL,
  `platform` varchar(50) DEFAULT NULL,
  `cpu_cores` int(11) DEFAULT NULL,
  `device_memory` int(11) DEFAULT NULL,
  `screen_width` int(11) DEFAULT NULL,
  `screen_height` int(11) DEFAULT NULL,
  `timezone` varchar(100) DEFAULT NULL,
  `touch_support` tinyint(1) DEFAULT NULL,
  `ip_address` varchar(50) DEFAULT NULL,
  `created_at` datetime DEFAULT NULL,
  PRIMARY KEY (`id`),
  KEY `user_id` (`username`) USING BTREE
) ENGINE=InnoDB AUTO_INCREMENT=44 DEFAULT CHARSET=utf8mb4 COLLATE=utf8mb4_unicode_520_ci;

-- Dumping data for table mojang.auth_useragent: ~43 rows (approximately)
/*!40000 ALTER TABLE `auth_useragent` DISABLE KEYS */;
INSERT INTO `auth_useragent` (`id`, `username`, `user_agent_hash`, `user_agent`, `language`, `platform`, `cpu_cores`, `device_memory`, `screen_width`, `screen_height`, `timezone`, `touch_support`, `ip_address`, `created_at`) VALUES
	(1, '199707252024211004', '18abf52b73d0b8915f35ccd0bd993e0afd5ec12b6ef30475c098dc08c02c566a', 'Mozilla/5.0 (iPhone; CPU iPhone OS 16_6 like Mac OS X) AppleWebKit/605.1.15 (KHTML, like Gecko) Version/16.6 Mobile/15E148 Safari/604.1', 'en-US', 'Win32', 12, 8, 375, 667, 'Asia/Jakarta', 1, '172.18.0.1', '2025-06-30 16:09:36'),
	(2, '199707252024211004', '18abf52b73d0b8915f35ccd0bd993e0afd5ec12b6ef30475c098dc08c02c566a', 'Mozilla/5.0 (iPhone; CPU iPhone OS 16_6 like Mac OS X) AppleWebKit/605.1.15 (KHTML, like Gecko) Version/16.6 Mobile/15E148 Safari/604.1', 'en-US', 'Win32', 12, 8, 375, 667, 'Asia/Jakarta', 1, '172.18.0.1', '2025-06-30 16:12:35'),
	(3, '2025060012', '18abf52b73d0b8915f35ccd0bd993e0afd5ec12b6ef30475c098dc08c02c566a', 'Mozilla/5.0 (iPhone; CPU iPhone OS 16_6 like Mac OS X) AppleWebKit/605.1.15 (KHTML, like Gecko) Version/16.6 Mobile/15E148 Safari/604.1', 'en-US', 'Win32', 12, 8, 375, 667, 'Asia/Jakarta', 1, '172.18.0.1', '2025-06-30 16:33:21'),
	(4, '2025060012', '18abf52b73d0b8915f35ccd0bd993e0afd5ec12b6ef30475c098dc08c02c566a', 'Mozilla/5.0 (iPhone; CPU iPhone OS 16_6 like Mac OS X) AppleWebKit/605.1.15 (KHTML, like Gecko) Version/16.6 Mobile/15E148 Safari/604.1', 'en-US', 'Win32', 12, 8, 375, 667, 'Asia/Jakarta', 1, '172.18.0.1', '2025-06-30 16:35:31'),
	(5, '2025060012', '18abf52b73d0b8915f35ccd0bd993e0afd5ec12b6ef30475c098dc08c02c566a', 'Mozilla/5.0 (iPhone; CPU iPhone OS 16_6 like Mac OS X) AppleWebKit/605.1.15 (KHTML, like Gecko) Version/16.6 Mobile/15E148 Safari/604.1', 'en-US', 'Win32', 12, 8, 375, 667, 'Asia/Jakarta', 1, '172.18.0.1', '2025-06-30 16:40:01'),
	(6, '2025060012', 'b4a21ed0724e59138c13c31020939227facaaf3001df4da5e52a9286c0dbbf6c', 'Mozilla/5.0 (Windows NT 10.0; Win64; x64) AppleWebKit/537.36 (KHTML, like Gecko) Chrome/137.0.0.0 Safari/537.36', 'en-US', 'Win32', 12, 8, 1536, 864, 'Asia/Jakarta', 0, '172.18.0.1', '2025-07-01 09:26:45'),
	(7, '2025060012', '63ad615bd342247af8cd2cea081109200db5b3090c14369f8e96f06625b0c4e0', 'Mozilla/5.0 (Linux; Android 10; K) AppleWebKit/537.36 (KHTML, like Gecko) Chrome/137.0.0.0 Mobile Safari/537.36', 'id-ID', 'Linux armv81', 8, NULL, 412, 892, 'Asia/Jakarta', 1, '172.18.0.1', '2025-07-01 09:29:24'),
	(8, '2025060012', 'b4a21ed0724e59138c13c31020939227facaaf3001df4da5e52a9286c0dbbf6c', 'Mozilla/5.0 (Windows NT 10.0; Win64; x64) AppleWebKit/537.36 (KHTML, like Gecko) Chrome/137.0.0.0 Safari/537.36', 'en-US', 'Win32', 12, NULL, 1536, 864, 'Asia/Jakarta', 0, '172.18.0.1', '2025-07-01 09:41:45'),
	(9, '2025060012', '18abf52b73d0b8915f35ccd0bd993e0afd5ec12b6ef30475c098dc08c02c566a', 'Mozilla/5.0 (iPhone; CPU iPhone OS 16_6 like Mac OS X) AppleWebKit/605.1.15 (KHTML, like Gecko) Version/16.6 Mobile/15E148 Safari/604.1', 'en-US', 'Win32', 12, NULL, 375, 667, 'Asia/Jakarta', 1, '172.18.0.1', '2025-07-01 10:45:09'),
	(10, '2025060012', '63ad615bd342247af8cd2cea081109200db5b3090c14369f8e96f06625b0c4e0', 'Mozilla/5.0 (Linux; Android 10; K) AppleWebKit/537.36 (KHTML, like Gecko) Chrome/137.0.0.0 Mobile Safari/537.36', 'id-ID', 'Linux armv81', 8, NULL, 412, 892, 'Asia/Jakarta', 1, '172.18.0.1', '2025-07-01 10:51:21'),
	(11, '2025060012', '63ad615bd342247af8cd2cea081109200db5b3090c14369f8e96f06625b0c4e0', 'Mozilla/5.0 (Linux; Android 10; K) AppleWebKit/537.36 (KHTML, like Gecko) Chrome/137.0.0.0 Mobile Safari/537.36', 'id-ID', 'Linux armv81', 8, NULL, 412, 892, 'Asia/Jakarta', 1, '172.18.0.1', '2025-07-01 10:51:21'),
	(12, '2025060012', '24ee79b31609ad7dea76e8a361a8993439daef4f4e35e60b9d953a081a2874f3', 'Mozilla/5.0 (iPhone; CPU iPhone OS 15_0 like Mac OS X) AppleWebKit/603.1.30 (KHTML, like Gecko) Version/17.5 Mobile/15A5370a Safari/602.1', 'en-US', 'Win32', 12, NULL, 390, 844, 'Asia/Jakarta', 0, '172.18.0.1', '2025-07-01 10:55:24'),
	(13, '199707252024211004', '02644e50b0f2b2d4267c84b6a36a3c38e13234646d529f0b3cc7feb683dbc4d0', 'Mozilla/5.0 (Linux; Android 6.0; Nexus 5 Build/MRA58N) AppleWebKit/537.36 (KHTML, like Gecko) Chrome/137.0.0.0 Mobile Safari/537.36', 'en-US', 'Win32', 12, 8, 1064, 673, 'Asia/Jakarta', 1, '172.20.0.1', '2025-07-01 15:22:48'),
	(14, '199707252024211004', 'b4a21ed0724e59138c13c31020939227facaaf3001df4da5e52a9286c0dbbf6c', 'Mozilla/5.0 (Windows NT 10.0; Win64; x64) AppleWebKit/537.36 (KHTML, like Gecko) Chrome/137.0.0.0 Safari/537.36', 'en-US', 'Win32', 12, 8, 1536, 864, 'Asia/Jakarta', 0, '172.20.0.1', '2025-07-01 15:24:17'),
	(15, '199707252024211004', 'b4a21ed0724e59138c13c31020939227facaaf3001df4da5e52a9286c0dbbf6c', 'Mozilla/5.0 (Windows NT 10.0; Win64; x64) AppleWebKit/537.36 (KHTML, like Gecko) Chrome/137.0.0.0 Safari/537.36', 'en-US', 'Win32', 12, 8, 1536, 864, 'Asia/Jakarta', 0, '172.20.0.1', '2025-07-01 15:35:49'),
	(16, '199707252024211004', 'b4a21ed0724e59138c13c31020939227facaaf3001df4da5e52a9286c0dbbf6c', 'Mozilla/5.0 (Windows NT 10.0; Win64; x64) AppleWebKit/537.36 (KHTML, like Gecko) Chrome/137.0.0.0 Safari/537.36', 'en-US', 'Win32', 12, 8, 1536, 864, 'Asia/Jakarta', 0, '172.20.0.1', '2025-07-01 21:45:17'),
	(17, '199707252024211004', 'b4a21ed0724e59138c13c31020939227facaaf3001df4da5e52a9286c0dbbf6c', 'Mozilla/5.0 (Windows NT 10.0; Win64; x64) AppleWebKit/537.36 (KHTML, like Gecko) Chrome/137.0.0.0 Safari/537.36', 'en-US', 'Win32', 12, 8, 1536, 864, 'Asia/Jakarta', 0, '172.20.0.1', '2025-07-02 04:00:45'),
	(18, '199707252024211004', 'b4a21ed0724e59138c13c31020939227facaaf3001df4da5e52a9286c0dbbf6c', 'Mozilla/5.0 (Windows NT 10.0; Win64; x64) AppleWebKit/537.36 (KHTML, like Gecko) Chrome/137.0.0.0 Safari/537.36', 'en-US', 'Win32', 12, 8, 1536, 864, 'Asia/Jakarta', 0, '172.20.0.1', '2025-07-02 05:57:12'),
	(19, '199707252024211004', 'b4a21ed0724e59138c13c31020939227facaaf3001df4da5e52a9286c0dbbf6c', 'Mozilla/5.0 (Windows NT 10.0; Win64; x64) AppleWebKit/537.36 (KHTML, like Gecko) Chrome/137.0.0.0 Safari/537.36', 'en-US', 'Win32', 12, 8, 1536, 864, 'Asia/Jakarta', 0, '172.20.0.1', '2025-07-02 07:52:36'),
	(20, '199707252024211004', 'b4a21ed0724e59138c13c31020939227facaaf3001df4da5e52a9286c0dbbf6c', 'Mozilla/5.0 (Windows NT 10.0; Win64; x64) AppleWebKit/537.36 (KHTML, like Gecko) Chrome/137.0.0.0 Safari/537.36', 'en-US', 'Win32', 12, 8, 1536, 864, 'Asia/Jakarta', 0, '172.20.0.1', '2025-07-02 08:53:07'),
	(21, '199707252024211004', 'b4a21ed0724e59138c13c31020939227facaaf3001df4da5e52a9286c0dbbf6c', 'Mozilla/5.0 (Windows NT 10.0; Win64; x64) AppleWebKit/537.36 (KHTML, like Gecko) Chrome/137.0.0.0 Safari/537.36', 'en-US', 'Win32', 12, 8, 1536, 864, 'Asia/Jakarta', 0, '172.20.0.1', '2025-07-02 09:57:59'),
	(22, '199707252024211004', 'b4a21ed0724e59138c13c31020939227facaaf3001df4da5e52a9286c0dbbf6c', 'Mozilla/5.0 (Windows NT 10.0; Win64; x64) AppleWebKit/537.36 (KHTML, like Gecko) Chrome/137.0.0.0 Safari/537.36', 'en-US', 'Win32', 12, 8, 1536, 864, 'Asia/Jakarta', 0, '172.20.0.1', '2025-07-02 10:59:47'),
	(23, '199707252024211004', 'b4a21ed0724e59138c13c31020939227facaaf3001df4da5e52a9286c0dbbf6c', 'Mozilla/5.0 (Windows NT 10.0; Win64; x64) AppleWebKit/537.36 (KHTML, like Gecko) Chrome/137.0.0.0 Safari/537.36', 'en-US', 'Win32', 12, 8, 1536, 864, 'Asia/Jakarta', 0, '172.20.0.1', '2025-07-02 13:26:33'),
	(24, '199707252024211004', 'b4a21ed0724e59138c13c31020939227facaaf3001df4da5e52a9286c0dbbf6c', 'Mozilla/5.0 (Windows NT 10.0; Win64; x64) AppleWebKit/537.36 (KHTML, like Gecko) Chrome/137.0.0.0 Safari/537.36', 'en-US', 'Win32', 12, 8, 1536, 864, 'Asia/Jakarta', 0, '172.20.0.1', '2025-07-02 14:28:42'),
	(25, '199707252024211004', 'b4a21ed0724e59138c13c31020939227facaaf3001df4da5e52a9286c0dbbf6c', 'Mozilla/5.0 (Windows NT 10.0; Win64; x64) AppleWebKit/537.36 (KHTML, like Gecko) Chrome/137.0.0.0 Safari/537.36', 'en-US', 'Win32', 12, 8, 1536, 864, 'Asia/Jakarta', 0, '172.20.0.1', '2025-07-02 15:21:30'),
	(26, '199707252024211004', 'b4a21ed0724e59138c13c31020939227facaaf3001df4da5e52a9286c0dbbf6c', 'Mozilla/5.0 (Windows NT 10.0; Win64; x64) AppleWebKit/537.36 (KHTML, like Gecko) Chrome/137.0.0.0 Safari/537.36', 'en-US', 'Win32', 12, 8, 1536, 864, 'Asia/Jakarta', 0, '172.20.0.1', '2025-07-02 16:07:19'),
	(27, '199707252024211004', 'b4a21ed0724e59138c13c31020939227facaaf3001df4da5e52a9286c0dbbf6c', 'Mozilla/5.0 (Windows NT 10.0; Win64; x64) AppleWebKit/537.36 (KHTML, like Gecko) Chrome/137.0.0.0 Safari/537.36', 'en-US', 'Win32', 12, 8, 1536, 864, 'Asia/Jakarta', 0, '172.20.0.1', '2025-07-03 05:19:58'),
	(28, '199707252024211004', 'b4a21ed0724e59138c13c31020939227facaaf3001df4da5e52a9286c0dbbf6c', 'Mozilla/5.0 (Windows NT 10.0; Win64; x64) AppleWebKit/537.36 (KHTML, like Gecko) Chrome/137.0.0.0 Safari/537.36', 'en-US', 'Win32', 12, 8, 1536, 864, 'Asia/Jakarta', 0, '172.20.0.1', '2025-07-03 06:10:08'),
	(29, '199707252024211004', 'b4a21ed0724e59138c13c31020939227facaaf3001df4da5e52a9286c0dbbf6c', 'Mozilla/5.0 (Windows NT 10.0; Win64; x64) AppleWebKit/537.36 (KHTML, like Gecko) Chrome/137.0.0.0 Safari/537.36', 'en-US', 'Win32', 12, 8, 1536, 864, 'Asia/Jakarta', 0, '172.20.0.1', '2025-07-03 07:57:47'),
	(30, '199707252024211004', 'b4a21ed0724e59138c13c31020939227facaaf3001df4da5e52a9286c0dbbf6c', 'Mozilla/5.0 (Windows NT 10.0; Win64; x64) AppleWebKit/537.36 (KHTML, like Gecko) Chrome/137.0.0.0 Safari/537.36', 'en-US', 'Win32', 12, 8, 1536, 864, 'Asia/Jakarta', 0, '172.20.0.1', '2025-07-03 09:40:27'),
	(31, '199707252024211004', '02644e50b0f2b2d4267c84b6a36a3c38e13234646d529f0b3cc7feb683dbc4d0', 'Mozilla/5.0 (Linux; Android 6.0; Nexus 5 Build/MRA58N) AppleWebKit/537.36 (KHTML, like Gecko) Chrome/137.0.0.0 Mobile Safari/537.36', 'en-US', 'Win32', 12, 8, 1464, 799, 'Asia/Jakarta', 1, '172.20.0.1', '2025-07-03 10:44:50'),
	(32, '199707252024211004', 'b4a21ed0724e59138c13c31020939227facaaf3001df4da5e52a9286c0dbbf6c', 'Mozilla/5.0 (Windows NT 10.0; Win64; x64) AppleWebKit/537.36 (KHTML, like Gecko) Chrome/137.0.0.0 Safari/537.36', 'en-US', 'Win32', 12, 8, 1536, 864, 'Asia/Jakarta', 0, '172.20.0.1', '2025-07-03 13:39:03'),
	(33, '199707252024211004', 'b4a21ed0724e59138c13c31020939227facaaf3001df4da5e52a9286c0dbbf6c', 'Mozilla/5.0 (Windows NT 10.0; Win64; x64) AppleWebKit/537.36 (KHTML, like Gecko) Chrome/137.0.0.0 Safari/537.36', 'en-US', 'Win32', 12, 8, 1536, 864, 'Asia/Jakarta', 0, '172.20.0.1', '2025-07-03 14:39:21'),
	(34, '199707252024211004', 'b4a21ed0724e59138c13c31020939227facaaf3001df4da5e52a9286c0dbbf6c', 'Mozilla/5.0 (Windows NT 10.0; Win64; x64) AppleWebKit/537.36 (KHTML, like Gecko) Chrome/137.0.0.0 Safari/537.36', 'en-US', 'Win32', 12, 8, 1536, 864, 'Asia/Jakarta', 0, '172.20.0.1', '2025-07-03 14:46:21'),
	(35, '199707252024211004', 'b4a21ed0724e59138c13c31020939227facaaf3001df4da5e52a9286c0dbbf6c', 'Mozilla/5.0 (Windows NT 10.0; Win64; x64) AppleWebKit/537.36 (KHTML, like Gecko) Chrome/137.0.0.0 Safari/537.36', 'en-US', 'Win32', 12, 8, 1536, 864, 'Asia/Jakarta', 0, '172.20.0.1', '2025-07-03 15:02:00'),
	(36, '199707252024211004', 'b4a21ed0724e59138c13c31020939227facaaf3001df4da5e52a9286c0dbbf6c', 'Mozilla/5.0 (Windows NT 10.0; Win64; x64) AppleWebKit/537.36 (KHTML, like Gecko) Chrome/137.0.0.0 Safari/537.36', 'en-US', 'Win32', 12, 8, 1536, 864, 'Asia/Jakarta', 0, '172.20.0.1', '2025-07-03 16:02:27'),
	(37, '199707252024211004', 'b4a21ed0724e59138c13c31020939227facaaf3001df4da5e52a9286c0dbbf6c', 'Mozilla/5.0 (Windows NT 10.0; Win64; x64) AppleWebKit/537.36 (KHTML, like Gecko) Chrome/137.0.0.0 Safari/537.36', 'en-US', 'Win32', 12, 8, 1536, 864, 'Asia/Jakarta', 0, '172.20.0.1', '2025-07-03 16:02:30'),
	(38, '199707252024211004', 'b4a21ed0724e59138c13c31020939227facaaf3001df4da5e52a9286c0dbbf6c', 'Mozilla/5.0 (Windows NT 10.0; Win64; x64) AppleWebKit/537.36 (KHTML, like Gecko) Chrome/137.0.0.0 Safari/537.36', 'en-US', 'Win32', 12, 8, 1536, 864, 'Asia/Jakarta', 0, '172.20.0.1', '2025-07-03 20:44:59'),
	(39, '199707252024211004', 'b4a21ed0724e59138c13c31020939227facaaf3001df4da5e52a9286c0dbbf6c', 'Mozilla/5.0 (Windows NT 10.0; Win64; x64) AppleWebKit/537.36 (KHTML, like Gecko) Chrome/137.0.0.0 Safari/537.36', 'en-US', 'Win32', 12, 8, 1536, 864, 'Asia/Jakarta', 0, '172.19.0.1', '2025-07-04 08:18:41'),
	(40, '199707252024211004', '02644e50b0f2b2d4267c84b6a36a3c38e13234646d529f0b3cc7feb683dbc4d0', 'Mozilla/5.0 (Linux; Android 6.0; Nexus 5 Build/MRA58N) AppleWebKit/537.36 (KHTML, like Gecko) Chrome/137.0.0.0 Mobile Safari/537.36', 'en-US', 'Win32', 12, 8, 1468, 799, 'Asia/Jakarta', 1, '172.19.0.1', '2025-07-04 10:27:42'),
	(41, '199707252024211004', 'b4a21ed0724e59138c13c31020939227facaaf3001df4da5e52a9286c0dbbf6c', 'Mozilla/5.0 (Windows NT 10.0; Win64; x64) AppleWebKit/537.36 (KHTML, like Gecko) Chrome/137.0.0.0 Safari/537.36', 'en-US', 'Win32', 12, 8, 1536, 864, 'Asia/Jakarta', 0, '172.19.0.1', '2025-07-04 11:43:14'),
	(42, '199707252024211004', 'b4a21ed0724e59138c13c31020939227facaaf3001df4da5e52a9286c0dbbf6c', 'Mozilla/5.0 (Windows NT 10.0; Win64; x64) AppleWebKit/537.36 (KHTML, like Gecko) Chrome/137.0.0.0 Safari/537.36', 'en-US', 'Win32', 12, 8, 1536, 864, 'Asia/Jakarta', 0, '172.19.0.1', '2025-07-04 11:43:18'),
	(43, '199707252024211004', 'b4a21ed0724e59138c13c31020939227facaaf3001df4da5e52a9286c0dbbf6c', 'Mozilla/5.0 (Windows NT 10.0; Win64; x64) AppleWebKit/537.36 (KHTML, like Gecko) Chrome/137.0.0.0 Safari/537.36', 'en-US', 'Win32', 12, 8, 1536, 864, 'Asia/Jakarta', 0, '172.19.0.1', '2025-07-04 14:25:33');
/*!40000 ALTER TABLE `auth_useragent` ENABLE KEYS */;

-- Dumping structure for table mojang.auth_users
CREATE TABLE IF NOT EXISTS `auth_users` (
  `id` int(11) unsigned NOT NULL AUTO_INCREMENT,
  `email` varchar(255) NOT NULL,
  `username` varchar(30) DEFAULT NULL,
  `fullname` varchar(255) DEFAULT NULL,
  `userimage` varchar(100) DEFAULT 'user.jpg',
  `password` varchar(255) NOT NULL,
  `reset_hash` varchar(255) DEFAULT NULL,
  `reset_at` datetime DEFAULT NULL,
  `reset_expires` datetime DEFAULT NULL,
  `activate_hash` varchar(255) DEFAULT NULL,
  `role` varchar(255) DEFAULT NULL,
  `status` varchar(255) DEFAULT NULL,
  `status_message` varchar(255) DEFAULT NULL,
  `active` tinyint(1) NOT NULL DEFAULT 0,
  `force_pass_reset` tinyint(1) NOT NULL DEFAULT 0,
  `created_at` datetime DEFAULT current_timestamp(),
  `updated_at` datetime DEFAULT current_timestamp() ON UPDATE current_timestamp(),
  `deleted_at` datetime DEFAULT current_timestamp() ON UPDATE current_timestamp(),
  PRIMARY KEY (`id`),
  UNIQUE KEY `username` (`username`)
) ENGINE=InnoDB AUTO_INCREMENT=92 DEFAULT CHARSET=utf8mb4 COLLATE=utf8mb4_general_ci;

-- Dumping data for table mojang.auth_users: ~0 rows (approximately)
/*!40000 ALTER TABLE `auth_users` DISABLE KEYS */;
INSERT INTO `auth_users` (`id`, `email`, `username`, `fullname`, `userimage`, `password`, `reset_hash`, `reset_at`, `reset_expires`, `activate_hash`, `role`, `status`, `status_message`, `active`, `force_pass_reset`, `created_at`, `updated_at`, `deleted_at`) VALUES
	(11, 'aam@gmail.com', '199707252024211004', 'Ali Al Mansyur', NULL, '$2y$10$5luUeuvoLnkPwd3iJpY53uoJCqiL7ErhSMggJXXgDBQfAFPBSijPy', NULL, NULL, NULL, NULL, 'ADM', '1', NULL, 0, 0, '2025-02-19 13:10:49', NULL, NULL);
/*!40000 ALTER TABLE `auth_users` ENABLE KEYS */;

-- Dumping structure for table mojang.auth_users_permissions
CREATE TABLE IF NOT EXISTS `auth_users_permissions` (
  `user_id` int(11) unsigned NOT NULL DEFAULT 0,
  `permission_id` int(11) unsigned NOT NULL DEFAULT 0,
  `is_create` int(11) unsigned DEFAULT NULL,
  `is_read` int(11) unsigned DEFAULT NULL,
  `is_update` int(11) unsigned DEFAULT NULL,
  `is_delete` int(11) unsigned DEFAULT NULL,
  `updated_at` timestamp NULL DEFAULT current_timestamp() ON UPDATE current_timestamp(),
  KEY `auth_users_permissions_permission_id_foreign` (`permission_id`) USING BTREE,
  KEY `user_id_permission_id` (`user_id`,`permission_id`) USING BTREE,
  CONSTRAINT `auth_users_permissions_permission_id_foreign` FOREIGN KEY (`permission_id`) REFERENCES `auth_permissions` (`id`) ON DELETE CASCADE,
  CONSTRAINT `auth_users_permissions_user_id_foreign` FOREIGN KEY (`user_id`) REFERENCES `auth_users` (`id`) ON DELETE CASCADE
) ENGINE=InnoDB DEFAULT CHARSET=utf8mb4 COLLATE=utf8mb4_general_ci;

-- Dumping data for table mojang.auth_users_permissions: ~13 rows (approximately)
/*!40000 ALTER TABLE `auth_users_permissions` DISABLE KEYS */;
INSERT INTO `auth_users_permissions` (`user_id`, `permission_id`, `is_create`, `is_read`, `is_update`, `is_delete`, `updated_at`) VALUES
	(11, 7, 1, 1, 1, 1, '2025-07-02 08:57:49'),
	(11, 45, 1, 1, 1, NULL, '2025-07-02 22:28:24'),
	(11, 47, 1, 1, 1, NULL, '2025-07-02 22:28:26'),
	(11, 48, 1, 1, 1, NULL, '2025-07-02 22:28:28'),
	(11, 49, NULL, NULL, NULL, NULL, '2025-07-02 22:26:32'),
	(11, 50, NULL, NULL, NULL, NULL, '2025-07-02 22:26:41'),
	(11, 51, NULL, NULL, NULL, NULL, '2025-07-02 22:26:50'),
	(11, 52, NULL, NULL, NULL, NULL, '2025-07-02 22:26:57'),
	(11, 53, NULL, NULL, NULL, NULL, '2025-07-02 22:27:04'),
	(11, 54, NULL, NULL, NULL, NULL, '2025-07-02 22:27:12'),
	(11, 55, NULL, NULL, NULL, NULL, '2025-07-02 22:27:22'),
	(11, 56, NULL, NULL, NULL, NULL, '2025-07-02 22:27:32');
/*!40000 ALTER TABLE `auth_users_permissions` ENABLE KEYS */;

-- Dumping structure for table mojang.data_bidang
CREATE TABLE IF NOT EXISTS `data_bidang` (
  `id` int(11) NOT NULL AUTO_INCREMENT,
  `uid` varchar(50) NOT NULL DEFAULT uuid(),
  `nama` varchar(50) DEFAULT NULL,
  `initial` varchar(50) DEFAULT NULL,
  `is_sort` int(11) DEFAULT NULL,
  `is_status` int(11) DEFAULT NULL,
  `created_at` datetime DEFAULT current_timestamp(),
  `updated_at` timestamp NULL DEFAULT current_timestamp() ON UPDATE current_timestamp(),
  PRIMARY KEY (`id`) USING BTREE
) ENGINE=InnoDB AUTO_INCREMENT=15 DEFAULT CHARSET=latin1 COLLATE=latin1_swedish_ci ROW_FORMAT=COMPACT;

-- Dumping data for table mojang.data_bidang: ~7 rows (approximately)
/*!40000 ALTER TABLE `data_bidang` DISABLE KEYS */;
INSERT INTO `data_bidang` (`id`, `uid`, `nama`, `initial`, `is_sort`, `is_status`, `created_at`, `updated_at`) VALUES
	(1, 'c09ae404-38a7-11f0-9983-b81ea497136c', 'KEPALA KANTOR REGIONAL III BKN', 'KAKANREG', 1, 0, '2025-06-11 09:38:51', '2025-06-11 09:51:21'),
	(2, 'c09ae518-38a7-11f0-9983-b81ea497136c', 'BAGIAN TATA USAHA', 'BIDANG TU', 2, 1, '2025-06-11 09:38:51', '2025-06-18 15:56:25'),
	(3, 'c09ae57d-38a7-11f0-9983-b81ea497136c', 'BIDANG MUTASI DAN STATUS KEPEGAWAIAN', 'BIDANG MUTASI', 2, 1, '2025-06-11 09:38:51', '2025-06-11 15:41:21'),
	(4, 'c09ae596-38a7-11f0-9983-b81ea497136c', 'BIDANG INFORMASI KEPEGAWAIAN', 'BIDANG INKA', 2, 1, '2025-06-11 09:38:51', '2025-06-11 15:41:20'),
	(5, 'c09ae5ad-38a7-11f0-9983-b81ea497136c', 'BIDANG PENGEMBANGAN DAN SUPERVISI KEPEGAWAIAN', 'BIDANG PDSK', 2, 1, '2025-06-11 09:38:51', '2025-06-11 09:46:13'),
	(6, 'c09ae5cf-38a7-11f0-9983-b81ea497136c', 'BIDANG PENGANGKATAN DAN PENSIUN', 'BIDANG PENSIUN', 2, 1, '2025-06-11 09:38:51', '2025-06-11 09:46:16'),
	(9, 'c09ae613-38a7-11f0-9983-b81ea497136c', 'UPSCPKP ASN SERANG', 'UPT SERANG', 3, 0, '2025-06-11 09:38:51', '2025-07-02 03:23:27');
/*!40000 ALTER TABLE `data_bidang` ENABLE KEYS */;

-- Dumping structure for table mojang.data_instansi
CREATE TABLE IF NOT EXISTS `data_instansi` (
  `id` int(11) NOT NULL AUTO_INCREMENT,
  `kodeins` int(11) DEFAULT NULL,
  `nama` varchar(100) DEFAULT NULL,
  `kanreg` int(11) NOT NULL DEFAULT 0,
  `is_status` int(11) NOT NULL DEFAULT 1,
  `created_at` timestamp NOT NULL DEFAULT current_timestamp(),
  `updated_at` timestamp NOT NULL DEFAULT current_timestamp() ON UPDATE current_timestamp(),
  PRIMARY KEY (`id`)
) ENGINE=MyISAM AUTO_INCREMENT=655 DEFAULT CHARSET=latin1 COLLATE=latin1_swedish_ci;

-- Dumping data for table mojang.data_instansi: 653 rows
/*!40000 ALTER TABLE `data_instansi` DISABLE KEYS */;
INSERT INTO `data_instansi` (`id`, `kodeins`, `nama`, `kanreg`, `is_status`, `created_at`, `updated_at`) VALUES
	(1, 1040, 'Kementerian Koordinator Bidang Kemaritiman dan Investasi', 0, 1, '2025-06-11 09:56:18', '2025-06-04 14:55:32'),
	(2, 7414, 'Pemerintah Kab. Buton Selatan', 4, 1, '2025-06-11 09:56:18', '2025-06-04 14:55:32'),
	(3, 7415, 'Pemerintah Kab. Buton Tengah', 4, 1, '2025-06-11 09:56:18', '2025-06-04 14:55:32'),
	(4, 4067, 'Badan Riset dan Inovasi Nasional', 0, 1, '2025-06-11 09:56:18', '2025-06-04 14:55:32'),
	(5, 4061, 'Setjen Komisi Pengawas Persaingan Usaha', 0, 1, '2025-06-11 09:56:18', '2025-06-04 14:55:32'),
	(6, 4062, 'Badan Pengawas Pemilihan Umum', 0, 1, '2025-06-11 09:56:18', '2025-06-04 14:55:32'),
	(7, 5612, 'Pemerintah Kab. Musi Rawas Utara', 7, 1, '2025-06-11 09:56:18', '2025-06-04 14:55:32'),
	(8, 7413, 'Pemerintah Kab. Konawe Kepulauan', 4, 1, '2025-06-11 09:56:18', '2025-06-04 14:55:32'),
	(9, 7416, 'Pemerintah Kab. Muna Barat', 4, 1, '2025-06-11 09:56:18', '2025-06-04 14:55:32'),
	(10, 5909, 'Pemerintah Kab. Pesawaran', 5, 1, '2025-06-11 09:56:18', '2025-06-04 14:55:32'),
	(11, 3011, 'Kementerian Kesehatan', 0, 1, '2025-06-11 09:56:18', '2025-06-04 14:55:32'),
	(12, 3013, 'Kementerian Ketenagakerjaan', 0, 1, '2025-06-11 09:56:18', '2025-06-04 14:55:32'),
	(13, 3015, 'Kementerian Lingkungan Hidup dan Kehutanan', 0, 1, '2025-06-11 09:56:18', '2025-06-04 14:55:32'),
	(14, 4001, 'Kementerian Sekretariat Negara', 0, 1, '2025-06-11 09:56:18', '2025-06-04 14:55:32'),
	(15, 4003, 'Badan Intelijen Negara', 0, 1, '2025-06-11 09:56:18', '2025-06-04 14:55:32'),
	(16, 4007, 'Mahkamah Agung RI', 0, 1, '2025-06-11 09:56:18', '2025-06-04 14:55:32'),
	(17, 4008, 'Badan Pemeriksa Keuangan ', 0, 1, '2025-06-11 09:56:18', '2025-06-04 14:55:32'),
	(18, 4011, 'Badan Kepegawaian Negara', 0, 1, '2025-06-11 09:56:18', '2025-06-04 14:55:32'),
	(19, 4013, 'Lembaga Penerbangan dan Antariksa Nasional', 0, 1, '2025-06-11 09:56:18', '2025-06-04 14:55:32'),
	(20, 4015, 'Badan Tenaga Nuklir Nasional ', 0, 1, '2025-06-11 09:56:18', '2025-06-04 14:55:32'),
	(21, 4017, 'Kementerian Perencanaan Pembangunan Nasional/Bappenas', 0, 1, '2025-06-11 09:56:18', '2025-06-04 14:55:32'),
	(22, 4019, 'Badan Informasi Geospasial', 0, 1, '2025-06-11 09:56:18', '2025-06-04 14:55:32'),
	(23, 4022, 'Badan Pengkajian dan Penerapan Teknologi', 0, 1, '2025-06-11 09:56:18', '2025-06-04 14:55:32'),
	(24, 4024, 'Kementerian Agraria dan Tata Ruang/Badan Pertanahan Nasional', 0, 1, '2025-06-11 09:56:18', '2025-06-04 14:55:32'),
	(25, 4027, 'Badan Standardisasi Nasional ', 0, 1, '2025-06-11 09:56:18', '2025-06-04 14:55:32'),
	(26, 4031, 'Badan Pengawas Obat dan Makanan ', 0, 1, '2025-06-11 09:56:18', '2025-06-04 14:55:32'),
	(27, 4033, 'Kepolisian Negara', 0, 1, '2025-06-11 09:56:18', '2025-06-04 14:55:32'),
	(28, 4035, 'Badan Meteorologi, Klimatologi dan Geofisika', 0, 1, '2025-06-11 09:56:18', '2025-06-04 14:55:32'),
	(29, 4038, 'Sekretariat Wakil Presiden', 0, 1, '2025-06-11 09:56:18', '2025-06-04 14:55:32'),
	(30, 5100, 'Pemerintah Aceh', 13, 1, '2025-06-11 09:56:18', '2025-06-04 14:55:32'),
	(31, 5103, 'Pemerintah Kab. Aceh Utara', 13, 1, '2025-06-11 09:56:18', '2025-06-04 14:55:32'),
	(32, 5105, 'Pemerintah Kab. Aceh Selatan', 13, 1, '2025-06-11 09:56:18', '2025-06-04 14:55:32'),
	(33, 5107, 'Pemerintah Kab. Aceh Tengah', 13, 1, '2025-06-11 09:56:18', '2025-06-04 14:55:32'),
	(34, 5109, 'Pemerintah Kab. Simeulue', 13, 1, '2025-06-11 09:56:18', '2025-06-04 14:55:32'),
	(35, 5112, 'Pemerintah Kab. Aceh Barat Daya', 13, 1, '2025-06-11 09:56:18', '2025-06-04 14:55:32'),
	(36, 5114, 'Pemerintah Kab. Aceh Tamiang', 13, 1, '2025-06-11 09:56:18', '2025-06-04 14:55:32'),
	(37, 5116, 'Pemerintah Kab. Aceh Jaya', 13, 1, '2025-06-11 09:56:18', '2025-06-04 14:55:32'),
	(38, 5214, 'Pemerintah Kab. Nias Selatan', 6, 1, '2025-06-11 09:56:18', '2025-06-04 14:55:32'),
	(39, 5216, 'Pemerintah Kab. Pakpak Bharat', 6, 1, '2025-06-11 09:56:18', '2025-06-04 14:55:32'),
	(40, 5272, 'Pemerintah Kota Tebing Tinggi', 6, 1, '2025-06-11 09:56:18', '2025-06-04 14:55:32'),
	(41, 5274, 'Pemerintah Kota Pematangsiantar', 6, 1, '2025-06-11 09:56:18', '2025-06-04 14:55:32'),
	(42, 5277, 'Pemerintah Kota Padangsidimpuan', 6, 1, '2025-06-11 09:56:18', '2025-06-04 14:55:32'),
	(43, 5301, 'Pemerintah Kab. Kampar', 12, 1, '2025-06-11 09:56:18', '2025-06-04 14:55:32'),
	(44, 5304, 'Pemerintah Kab. Indragiri Hulu', 12, 1, '2025-06-11 09:56:18', '2025-06-04 14:55:32'),
	(45, 5306, 'Pemerintah Kab. Pelalawan', 12, 1, '2025-06-11 09:56:18', '2025-06-04 14:55:32'),
	(46, 4049, 'Sekretariat Jenderal Komisi Yudisial', 0, 1, '2025-06-11 09:56:18', '2025-06-04 14:55:32'),
	(47, 4050, 'Setjen Dewan Perwakilan Daerah', 0, 1, '2025-06-11 09:56:18', '2025-06-04 14:55:32'),
	(48, 5308, 'Pemerintah Kab. Rokan Hilir', 12, 1, '2025-06-11 09:56:18', '2025-06-04 14:55:32'),
	(49, 5312, 'Pemerintah Kab. Kuantan Singingi', 12, 1, '2025-06-11 09:56:18', '2025-06-04 14:55:32'),
	(50, 5400, 'Pemerintah Provinsi Sumatera Barat', 12, 1, '2025-06-11 09:56:18', '2025-06-04 14:55:32'),
	(51, 5402, 'Pemerintah Kab. Pasaman', 12, 1, '2025-06-11 09:56:18', '2025-06-04 14:55:32'),
	(52, 5404, 'Pemerintah Kab. Solok', 12, 1, '2025-06-11 09:56:18', '2025-06-04 14:55:32'),
	(53, 5406, 'Pemerintah Kab. Pesisir Selatan', 12, 1, '2025-06-11 09:56:18', '2025-06-04 14:55:32'),
	(54, 5408, 'Pemerintah Kab. Sijunjung', 12, 1, '2025-06-11 09:56:18', '2025-06-04 14:55:32'),
	(55, 5471, 'Pemerintah Kota Bukittinggi', 12, 1, '2025-06-11 09:56:18', '2025-06-04 14:55:32'),
	(56, 5473, 'Pemerintah Kota Sawahlunto', 12, 1, '2025-06-11 09:56:18', '2025-06-04 14:55:32'),
	(57, 5475, 'Pemerintah Kota Padang', 12, 1, '2025-06-11 09:56:18', '2025-06-04 14:55:32'),
	(58, 5477, 'Pemerintah Kota Pariaman', 12, 1, '2025-06-11 09:56:18', '2025-06-04 14:55:32'),
	(59, 5501, 'Pemerintah Kab. Batang Hari', 7, 1, '2025-06-11 09:56:18', '2025-06-04 14:55:32'),
	(60, 5503, 'Pemerintah Kab. Bungo', 7, 1, '2025-06-11 09:56:18', '2025-06-04 14:55:32'),
	(61, 5505, 'Pemerintah Kab. Kerinci', 7, 1, '2025-06-11 09:56:18', '2025-06-04 14:55:32'),
	(62, 5507, 'Pemerintah Kab. Tebo', 7, 1, '2025-06-11 09:56:18', '2025-06-04 14:55:32'),
	(63, 5509, 'Pemerintah Kab. Tanjung Jabung Timur', 7, 1, '2025-06-11 09:56:18', '2025-06-04 14:55:32'),
	(64, 5600, 'Pemerintah Provinsi Sumatera Selatan', 7, 1, '2025-06-11 09:56:18', '2025-06-04 14:55:32'),
	(65, 5602, 'Pemerintah Kab. Ogan Komering Ulu', 7, 1, '2025-06-11 09:56:18', '2025-06-04 14:55:32'),
	(66, 5605, 'Pemerintah Kab. Musi Rawas', 7, 1, '2025-06-11 09:56:18', '2025-06-04 14:55:32'),
	(67, 5607, 'Pemerintah Kab. Banyuasin', 7, 1, '2025-06-11 09:56:18', '2025-06-04 14:55:32'),
	(68, 5672, 'Pemerintah Kota Pagar Alam', 7, 1, '2025-06-11 09:56:18', '2025-06-04 14:55:32'),
	(69, 5674, 'Pemerintah Kota Prabumulih', 7, 1, '2025-06-11 09:56:18', '2025-06-04 14:55:32'),
	(70, 5702, 'Pemerintah Kab. Belitung', 7, 1, '2025-06-11 09:56:18', '2025-06-04 14:55:32'),
	(71, 5703, 'Pemerintah Kab. Bangka Barat', 7, 1, '2025-06-11 09:56:18', '2025-06-04 14:55:32'),
	(72, 5705, 'Pemerintah Kab. Bangka Selatan', 7, 1, '2025-06-11 09:56:18', '2025-06-04 14:55:32'),
	(73, 6507, 'Pemerintah Kab. Sumenep', 2, 1, '2025-06-11 09:56:18', '2025-06-04 14:55:32'),
	(74, 6509, 'Pemerintah Kab. Bondowoso', 2, 1, '2025-06-11 09:56:18', '2025-06-04 14:55:32'),
	(75, 6511, 'Pemerintah Kab. Banyuwangi', 2, 1, '2025-06-11 09:56:18', '2025-06-04 14:55:32'),
	(76, 6513, 'Pemerintah Kab. Malang', 2, 1, '2025-06-11 09:56:18', '2025-06-04 14:55:32'),
	(77, 6515, 'Pemerintah Kab. Probolinggo', 2, 1, '2025-06-11 09:56:18', '2025-06-04 14:55:32'),
	(78, 6517, 'Pemerintah Kab. Kediri', 2, 1, '2025-06-11 09:56:18', '2025-06-04 14:55:32'),
	(79, 6519, 'Pemerintah Kab. Nganjuk', 2, 1, '2025-06-11 09:56:18', '2025-06-04 14:55:32'),
	(80, 6521, 'Pemerintah Kab. Blitar', 2, 1, '2025-06-11 09:56:18', '2025-06-04 14:55:32'),
	(81, 6523, 'Pemerintah Kab. Ngawi', 2, 1, '2025-06-11 09:56:18', '2025-06-04 14:55:32'),
	(82, 6525, 'Pemerintah Kab. Ponorogo', 2, 1, '2025-06-11 09:56:18', '2025-06-04 14:55:32'),
	(83, 6527, 'Pemerintah Kab. Bojonegoro', 2, 1, '2025-06-11 09:56:18', '2025-06-04 14:55:32'),
	(84, 6303, 'Pemerintah Kab. Gunung Kidul', 1, 1, '2025-06-11 09:56:18', '2025-06-04 14:55:32'),
	(85, 6476, 'Pemerintah Kota Surakarta', 1, 1, '2025-06-11 09:56:18', '2025-06-04 14:55:32'),
	(86, 6571, 'Pemerintah Kota Surabaya', 2, 1, '2025-06-11 09:56:18', '2025-06-04 14:55:32'),
	(87, 6112, 'Pemerintah Kab. Ciamis', 3, 1, '2025-06-11 09:56:18', '2025-06-04 14:55:32'),
	(88, 6201, 'Pemerintah Kab. Serang', 3, 1, '2025-06-11 09:56:18', '2025-06-04 14:55:32'),
	(89, 7311, 'Pemerintah Kab. Bulukumba', 4, 1, '2025-06-11 09:56:18', '2025-06-04 14:55:32'),
	(90, 8301, 'Pemerintah Kab. Pasangkayu', 4, 1, '2025-06-11 09:56:18', '2025-06-04 14:55:32'),
	(91, 5207, 'Pemerintah Kab. Dairi', 6, 1, '2025-06-11 09:56:18', '2025-06-04 14:55:32'),
	(92, 5218, 'Pemerintah Kab. Serdang Bedagai', 6, 1, '2025-06-11 09:56:18', '2025-06-04 14:55:32'),
	(93, 5500, 'Pemerintah Provinsi Jambi', 7, 1, '2025-06-11 09:56:18', '2025-06-04 14:55:32'),
	(94, 5610, 'Pemerintah Kab. Ogan Ilir', 7, 1, '2025-06-11 09:56:18', '2025-06-04 14:55:32'),
	(95, 5808, 'Pemerintah Kab. Lebong', 7, 1, '2025-06-11 09:56:18', '2025-06-04 14:55:32'),
	(96, 6771, 'Pemerintah Kota Palangka Raya', 8, 1, '2025-06-11 09:56:18', '2025-06-04 14:55:32'),
	(97, 6907, 'Pemerintah Kab. Kutai Barat', 8, 1, '2025-06-11 09:56:18', '2025-06-04 14:55:32'),
	(98, 8015, 'Pemerintah Kab. Asmat', 9, 1, '2025-06-11 09:56:18', '2025-06-04 14:55:32'),
	(99, 8202, 'Pemerintah Kab. Sorong Selatan', 14, 1, '2025-06-11 09:56:18', '2025-06-04 14:55:32'),
	(100, 7705, 'Pemerintah Kab. Alor', 10, 1, '2025-06-11 09:56:18', '2025-06-04 14:55:32'),
	(101, 7005, 'Pemerintah Kab. Kepulauan Talaud', 11, 1, '2025-06-11 09:56:18', '2025-06-04 14:55:32'),
	(102, 7900, 'Pemerintah Provinsi Maluku Utara', 11, 1, '2025-06-11 09:56:18', '2025-06-04 14:55:32'),
	(103, 5403, 'Pemerintah Kab. Limapuluh Kota', 12, 1, '2025-06-11 09:56:18', '2025-06-04 14:55:32'),
	(104, 5701, 'Pemerintah Kab. Bangka', 7, 1, '2025-06-11 09:56:18', '2025-06-04 14:55:32'),
	(105, 6529, 'Pemerintah Kab. Lamongan', 2, 1, '2025-06-11 09:56:18', '2025-06-04 14:55:32'),
	(106, 6573, 'Pemerintah Kota Malang', 2, 1, '2025-06-11 09:56:18', '2025-06-04 14:55:32'),
	(107, 6575, 'Pemerintah Kota Probolinggo', 2, 1, '2025-06-11 09:56:18', '2025-06-04 14:55:32'),
	(108, 6577, 'Pemerintah Kota Kediri', 2, 1, '2025-06-11 09:56:18', '2025-06-04 14:55:32'),
	(109, 6579, 'Pemerintah Kota Batu', 2, 1, '2025-06-11 09:56:18', '2025-06-04 14:55:32'),
	(110, 6600, 'Pemerintah Provinsi Kalimantan Barat', 5, 1, '2025-06-11 09:56:18', '2025-06-04 14:55:32'),
	(111, 6604, 'Pemerintah Kab. Mempawah', 5, 1, '2025-06-11 09:56:18', '2025-06-04 14:55:32'),
	(112, 6606, 'Pemerintah Kab. Ketapang', 5, 1, '2025-06-11 09:56:18', '2025-06-04 14:55:32'),
	(113, 6608, 'Pemerintah Kab. Landak', 5, 1, '2025-06-11 09:56:18', '2025-06-04 14:55:32'),
	(114, 6671, 'Pemerintah Kota Pontianak', 5, 1, '2025-06-11 09:56:18', '2025-06-04 14:55:32'),
	(115, 6700, 'Pemerintah Provinsi Kalimantan Tengah', 8, 1, '2025-06-11 09:56:18', '2025-06-04 14:55:32'),
	(116, 6703, 'Pemerintah Kab. Barito Selatan', 8, 1, '2025-06-11 09:56:18', '2025-06-04 14:55:32'),
	(117, 6705, 'Pemerintah Kab. Kotawaringin Barat', 8, 1, '2025-06-11 09:56:18', '2025-06-04 14:55:32'),
	(118, 6707, 'Pemerintah Kab. Gunung Mas', 8, 1, '2025-06-11 09:56:18', '2025-06-04 14:55:32'),
	(119, 6709, 'Pemerintah Kab. Sukamara', 8, 1, '2025-06-11 09:56:18', '2025-06-04 14:55:32'),
	(120, 6711, 'Pemerintah Kab. Katingan', 8, 1, '2025-06-11 09:56:18', '2025-06-04 14:55:32'),
	(121, 6713, 'Pemerintah Kab. Barito Timur', 8, 1, '2025-06-11 09:56:18', '2025-06-04 14:55:32'),
	(122, 6800, 'Pemerintah Provinsi Kalimantan Selatan', 8, 1, '2025-06-11 09:56:18', '2025-06-04 14:55:32'),
	(123, 6803, 'Pemerintah Kab. Tapin', 8, 1, '2025-06-11 09:56:18', '2025-06-04 14:55:32'),
	(124, 6805, 'Pemerintah Kab. Hulu Sungai Tengah', 8, 1, '2025-06-11 09:56:18', '2025-06-04 14:55:32'),
	(125, 6807, 'Pemerintah Kab. Tabalong', 8, 1, '2025-06-11 09:56:18', '2025-06-04 14:55:32'),
	(126, 6809, 'Pemerintah Kab. Hulu Sungai Utara', 8, 1, '2025-06-11 09:56:18', '2025-06-04 14:55:32'),
	(127, 6872, 'Pemerintah Kota Banjarbaru', 8, 1, '2025-06-11 09:56:18', '2025-06-04 14:55:32'),
	(128, 5906, 'Pemerintah Kab. Tanggamus', 5, 1, '2025-06-11 09:56:18', '2025-06-04 14:55:32'),
	(129, 5908, 'Pemerintah Kab. Lampung Timur', 5, 1, '2025-06-11 09:56:18', '2025-06-04 14:55:32'),
	(130, 5972, 'Pemerintah Kota Bandar Lampung', 5, 1, '2025-06-11 09:56:18', '2025-06-04 14:55:32'),
	(131, 6001, 'Kab. Kepulauan Seribu', 5, 1, '2025-06-11 09:56:18', '2025-06-04 14:55:32'),
	(132, 6100, 'Pemerintah Provinsi Jawa Barat', 3, 1, '2025-06-11 09:56:18', '2025-06-04 14:55:32'),
	(133, 6103, 'Pemerintah Kab. Cianjur', 3, 1, '2025-06-11 09:56:18', '2025-06-04 14:55:32'),
	(134, 6105, 'Pemerintah Kab. Karawang', 3, 1, '2025-06-11 09:56:18', '2025-06-04 14:55:32'),
	(135, 6107, 'Pemerintah Kab. Subang', 3, 1, '2025-06-11 09:56:18', '2025-06-04 14:55:32'),
	(136, 6109, 'Pemerintah Kab. Sumedang', 3, 1, '2025-06-11 09:56:18', '2025-06-04 14:55:32'),
	(137, 6111, 'Pemerintah Kab. Tasikmalaya', 3, 1, '2025-06-11 09:56:18', '2025-06-04 14:55:32'),
	(138, 4052, 'Badan Keamanan Laut RI', 0, 1, '2025-06-11 09:56:18', '2025-06-04 14:55:32'),
	(139, 6117, 'Pemerintah Kab. Bandung Barat', 3, 1, '2025-06-11 09:56:18', '2025-06-04 14:55:32'),
	(140, 5222, 'Pemerintah Kab. Labuhanbatu Selatan', 6, 1, '2025-06-11 09:56:18', '2025-06-04 14:55:32'),
	(141, 5223, 'Pemerintah Kab. Labuhanbatu Utara', 6, 1, '2025-06-11 09:56:18', '2025-06-04 14:55:32'),
	(142, 5572, 'Pemerintah Kota Sungai Penuh', 7, 1, '2025-06-11 09:56:18', '2025-06-04 14:55:32'),
	(143, 5809, 'Pemerintah Kab. Bengkulu Tengah', 7, 1, '2025-06-11 09:56:18', '2025-06-04 14:55:32'),
	(144, 8105, 'Pemerintah Kab. Kepulauan Anambas', 12, 1, '2025-06-11 09:56:18', '2025-06-04 14:55:32'),
	(145, 6273, 'Pemerintah Kota Serang', 3, 1, '2025-06-11 09:56:18', '2025-06-04 14:55:32'),
	(146, 7608, 'Pemerintah Kab. Lombok Utara', 10, 1, '2025-06-11 09:56:18', '2025-06-04 14:55:32'),
	(147, 7007, 'Pemerintah Kab. Bolaang Mongondow Utara', 11, 1, '2025-06-11 09:56:18', '2025-06-04 14:55:32'),
	(148, 7008, 'Pemerintah Kab. Kepulauan Siau Tagulandang Biaro', 11, 1, '2025-06-11 09:56:18', '2025-06-04 14:55:32'),
	(149, 7009, 'Pemerintah Kab. Minahasa Tenggara', 11, 1, '2025-06-11 09:56:18', '2025-06-04 14:55:32'),
	(150, 7012, 'Pemerintah Kab. Bolaang Mongondow Selatan', 11, 1, '2025-06-11 09:56:18', '2025-06-04 14:55:32'),
	(151, 7013, 'Pemerintah Kab. Bolaang Mongondow Timur', 11, 1, '2025-06-11 09:56:18', '2025-06-04 14:55:32'),
	(152, 7074, 'Pemerintah Kota KotaMobagu', 11, 1, '2025-06-11 09:56:18', '2025-06-04 14:55:32'),
	(153, 7210, 'Pemerintah Kab. Sigi', 4, 1, '2025-06-11 09:56:18', '2025-06-04 14:55:32'),
	(154, 7326, 'Pemerintah Kab. Toraja Utara', 4, 1, '2025-06-11 09:56:18', '2025-06-04 14:55:32'),
	(155, 7105, 'Pemerintah Kab. Gorontalo Utara', 11, 1, '2025-06-11 09:56:18', '2025-06-04 14:55:32'),
	(156, 7808, 'Pemerintah Kab. Buru Selatan', 4, 1, '2025-06-11 09:56:18', '2025-06-04 14:55:32'),
	(157, 7809, 'Pemerintah Kab. Maluku Barat Daya', 4, 1, '2025-06-11 09:56:18', '2025-06-04 14:55:32'),
	(158, 7872, 'Pemerintah Kota Tual', 4, 1, '2025-06-11 09:56:18', '2025-06-04 14:55:32'),
	(159, 8028, 'Pemerintah Kab. Mamberamo Raya', 9, 1, '2025-06-11 09:56:18', '2025-06-04 14:55:32'),
	(160, 8029, 'Pemerintah Kab. Mamberamo Tengah', 9, 1, '2025-06-11 09:56:18', '2025-06-04 14:55:32'),
	(161, 8030, 'Pemerintah Kab. Lanny Jaya', 9, 1, '2025-06-11 09:56:18', '2025-06-04 14:55:32'),
	(162, 8031, 'Pemerintah Kab. Yalimo', 9, 1, '2025-06-11 09:56:18', '2025-06-04 14:55:32'),
	(163, 8032, 'Pemerintah Kab. Nduga', 9, 1, '2025-06-11 09:56:18', '2025-06-04 14:55:32'),
	(164, 8033, 'Pemerintah Kab. Dogiyai', 9, 1, '2025-06-11 09:56:18', '2025-06-04 14:55:32'),
	(165, 2120, 'Kementerian Desa, Pembangunan Daerah Tertinggal dan Transmigrasi', 0, 1, '2025-06-11 09:56:18', '2025-06-04 14:55:32'),
	(166, 3020, 'Kementerian Perindustrian', 0, 1, '2025-06-11 09:56:18', '2025-06-04 14:55:32'),
	(167, 6114, 'Pemerintah Kab. Kuningan', 3, 1, '2025-06-11 09:56:18', '2025-06-04 14:55:32'),
	(168, 6116, 'Pemerintah Kab. Majalengka', 3, 1, '2025-06-11 09:56:18', '2025-06-04 14:55:32'),
	(169, 6172, 'Pemerintah Kota Bogor', 3, 1, '2025-06-11 09:56:18', '2025-06-04 14:55:32'),
	(170, 6174, 'Pemerintah Kota Cirebon', 3, 1, '2025-06-11 09:56:18', '2025-06-04 14:55:32'),
	(171, 6176, 'Pemerintah Kota Depok', 3, 1, '2025-06-11 09:56:18', '2025-06-04 14:55:32'),
	(172, 6178, 'Pemerintah Kota Tasikmalaya', 3, 1, '2025-06-11 09:56:18', '2025-06-04 14:55:32'),
	(173, 6200, 'Pemerintah Provinsi Banten', 3, 1, '2025-06-11 09:56:18', '2025-06-04 14:55:32'),
	(174, 6203, 'Pemerintah Kab. Lebak', 3, 1, '2025-06-11 09:56:18', '2025-06-04 14:55:32'),
	(175, 6271, 'Pemerintah Kota Tangerang', 3, 1, '2025-06-11 09:56:18', '2025-06-04 14:55:32'),
	(176, 6300, 'Pemerintah Daerah Istimewa Yogyakarta', 1, 1, '2025-06-11 09:56:18', '2025-06-04 14:55:32'),
	(177, 6302, 'Pemerintah Kab. Sleman', 1, 1, '2025-06-11 09:56:18', '2025-06-04 14:55:32'),
	(178, 6304, 'Pemerintah Kab. Kulon Progo', 1, 1, '2025-06-11 09:56:18', '2025-06-04 14:55:32'),
	(179, 6400, 'Pemerintah Provinsi Jawa Tengah', 1, 1, '2025-06-11 09:56:18', '2025-06-04 14:55:32'),
	(180, 6403, 'Pemerintah Kab. Demak', 1, 1, '2025-06-11 09:56:18', '2025-06-04 14:55:32'),
	(181, 6405, 'Pemerintah Kab. Pekalongan', 1, 1, '2025-06-11 09:56:18', '2025-06-04 14:55:32'),
	(182, 6407, 'Pemerintah Kab. Tegal', 1, 1, '2025-06-11 09:56:18', '2025-06-04 14:55:32'),
	(183, 6409, 'Pemerintah Kab. Pati', 1, 1, '2025-06-11 09:56:18', '2025-06-04 14:55:32'),
	(184, 6411, 'Pemerintah Kab. Pemalang', 1, 1, '2025-06-11 09:56:18', '2025-06-04 14:55:32'),
	(185, 6413, 'Pemerintah Kab. Rembang', 1, 1, '2025-06-11 09:56:18', '2025-06-04 14:55:32'),
	(186, 6415, 'Pemerintah Kab. Banyumas', 1, 1, '2025-06-11 09:56:18', '2025-06-04 14:55:32'),
	(187, 6417, 'Pemerintah Kab. Purbalingga', 1, 1, '2025-06-11 09:56:18', '2025-06-04 14:55:32'),
	(188, 6419, 'Pemerintah Kab. Magelang', 1, 1, '2025-06-11 09:56:18', '2025-06-04 14:55:32'),
	(189, 6422, 'Pemerintah Kab. Purworejo', 1, 1, '2025-06-11 09:56:18', '2025-06-04 14:55:32'),
	(190, 7002, 'Pemerintah Kab. Bolaang Mongondow', 11, 1, '2025-06-11 09:56:18', '2025-06-04 14:55:32'),
	(191, 7004, 'Pemerintah Kab. Minahasa Selatan', 11, 1, '2025-06-11 09:56:18', '2025-06-04 14:55:32'),
	(192, 7072, 'Pemerintah Kota Bitung', 11, 1, '2025-06-11 09:56:18', '2025-06-04 14:55:32'),
	(193, 7100, 'Pemerintah Provinsi Gorontalo', 11, 1, '2025-06-11 09:56:18', '2025-06-04 14:55:32'),
	(194, 7102, 'Pemerintah Kab. Boalemo', 11, 1, '2025-06-11 09:56:18', '2025-06-04 14:55:32'),
	(195, 7104, 'Pemerintah Kab. Bone Bolango', 11, 1, '2025-06-11 09:56:18', '2025-06-04 14:55:32'),
	(196, 7200, 'Pemerintah Provinsi Sulawesi Tengah', 4, 1, '2025-06-11 09:56:18', '2025-06-04 14:55:32'),
	(197, 7203, 'Pemerintah Kab. Tolitoli', 4, 1, '2025-06-11 09:56:18', '2025-06-04 14:55:32'),
	(198, 7205, 'Pemerintah Kab. Buol', 4, 1, '2025-06-11 09:56:18', '2025-06-04 14:55:32'),
	(199, 7207, 'Pemerintah Kab. Banggai Kepulauan', 4, 1, '2025-06-11 09:56:18', '2025-06-04 14:55:32'),
	(200, 7271, 'Pemerintah Kota Palu', 4, 1, '2025-06-11 09:56:18', '2025-06-04 14:55:32'),
	(201, 7300, 'Pemerintah Provinsi Sulawesi Selatan', 4, 1, '2025-06-11 09:56:18', '2025-06-04 14:55:32'),
	(202, 7305, 'Pemerintah Kab. Bone', 4, 1, '2025-06-11 09:56:18', '2025-06-04 14:55:32'),
	(203, 7307, 'Pemerintah Kab. Maros', 4, 1, '2025-06-11 09:56:18', '2025-06-04 14:55:32'),
	(204, 7310, 'Pemerintah Kab. Sinjai', 4, 1, '2025-06-11 09:56:18', '2025-06-04 14:55:32'),
	(205, 7312, 'Pemerintah Kab. Bantaeng', 4, 1, '2025-06-11 09:56:18', '2025-06-04 14:55:32'),
	(206, 7314, 'Pemerintah Kab. Kepulauan Selayar', 4, 1, '2025-06-11 09:56:18', '2025-06-04 14:55:32'),
	(207, 7316, 'Pemerintah Kab. Barru', 4, 1, '2025-06-11 09:56:18', '2025-06-04 14:55:32'),
	(208, 7317, 'Pemerintah Kab. Sidenreng Rappang', 4, 1, '2025-06-11 09:56:18', '2025-06-04 14:55:32'),
	(209, 7321, 'Pemerintah Kab. Enrekang', 4, 1, '2025-06-11 09:56:18', '2025-06-04 14:55:32'),
	(210, 7325, 'Pemerintah Kab. Luwu Timur', 4, 1, '2025-06-11 09:56:18', '2025-06-04 14:55:32'),
	(211, 7372, 'Pemerintah Kota Parepare', 4, 1, '2025-06-11 09:56:18', '2025-06-04 14:55:32'),
	(212, 7400, 'Pemerintah Provinsi Sulawesi Tenggara', 4, 1, '2025-06-11 09:56:18', '2025-06-04 14:55:32'),
	(213, 7403, 'Pemerintah Kab. Muna', 4, 1, '2025-06-11 09:56:18', '2025-06-04 14:55:32'),
	(214, 7405, 'Pemerintah Kab. Konawe Selatan', 4, 1, '2025-06-11 09:56:18', '2025-06-04 14:55:32'),
	(215, 7472, 'Pemerintah Kota Baubau', 4, 1, '2025-06-11 09:56:18', '2025-06-04 14:55:32'),
	(216, 7501, 'Pemerintah Kab. Buleleng', 10, 1, '2025-06-11 09:56:18', '2025-06-04 14:55:32'),
	(217, 7503, 'Pemerintah Kab. Klungkung', 10, 1, '2025-06-11 09:56:18', '2025-06-04 14:55:32'),
	(218, 7505, 'Pemerintah Kab. Karangasem', 10, 1, '2025-06-11 09:56:18', '2025-06-04 14:55:32'),
	(219, 7571, 'Pemerintah Kota Denpasar', 10, 1, '2025-06-11 09:56:18', '2025-06-04 14:55:32'),
	(220, 7601, 'Pemerintah Kab. Lombok Barat', 10, 1, '2025-06-11 09:56:18', '2025-06-04 14:55:32'),
	(221, 7603, 'Pemerintah Kab. Lombok Timur', 10, 1, '2025-06-11 09:56:18', '2025-06-04 14:55:32'),
	(222, 7671, 'Pemerintah Kota Mataram', 10, 1, '2025-06-11 09:56:18', '2025-06-04 14:55:32'),
	(223, 7700, 'Pemerintah Provinsi NTT', 10, 1, '2025-06-11 09:56:18', '2025-06-04 14:55:32'),
	(224, 7800, 'Pemerintah Provinsi Maluku', 4, 1, '2025-06-11 09:56:18', '2025-06-04 14:55:32'),
	(225, 7802, 'Pemerintah Kab. Maluku Tenggara', 4, 1, '2025-06-11 09:56:18', '2025-06-04 14:55:32'),
	(226, 7804, 'Pemerintah Kab. Kepulauan Tanimbar', 4, 1, '2025-06-11 09:56:18', '2025-06-04 14:55:32'),
	(227, 7901, 'Pemerintah Kab. Halmahera Barat', 11, 1, '2025-06-11 09:56:18', '2025-06-04 14:55:32'),
	(228, 7903, 'Pemerintah Kab. Kepulauan Sula', 11, 1, '2025-06-11 09:56:18', '2025-06-04 14:55:32'),
	(229, 7905, 'Pemerintah Kab. Halmahera Utara', 11, 1, '2025-06-11 09:56:18', '2025-06-04 14:55:32'),
	(230, 7971, 'Pemerintah Kota Ternate', 11, 1, '2025-06-11 09:56:18', '2025-06-04 14:55:32'),
	(231, 8000, 'Pemerintah Provinsi Papua', 9, 1, '2025-06-11 09:56:18', '2025-06-04 14:55:32'),
	(232, 8002, 'Pemerintah Kab. Biak Numfor', 9, 1, '2025-06-11 09:56:18', '2025-06-04 14:55:32'),
	(233, 8007, 'Pemerintah Kab. Merauke', 9, 1, '2025-06-11 09:56:18', '2025-06-04 14:55:32'),
	(234, 8009, 'Pemerintah Kab. Nabire', 9, 1, '2025-06-11 09:56:18', '2025-06-04 14:55:32'),
	(235, 8010, 'Pemerintah Kab. Puncak Jaya', 9, 1, '2025-06-11 09:56:18', '2025-06-04 14:55:32'),
	(236, 8013, 'Pemerintah Kab. Boven Digoel', 9, 1, '2025-06-11 09:56:18', '2025-06-04 14:55:32'),
	(237, 6612, 'Pemerintah Kab. Kayong Utara', 5, 1, '2025-06-11 09:56:18', '2025-06-04 14:55:32'),
	(238, 5111, 'Pemerintah Kab. Aceh Singkil', 13, 1, '2025-06-11 09:56:18', '2025-06-04 14:55:32'),
	(239, 5175, 'Pemerintah Kota Subulussalam', 13, 1, '2025-06-11 09:56:18', '2025-06-04 14:55:32'),
	(240, 5118, 'Pemerintah Kab. Pidie Jaya', 13, 1, '2025-06-11 09:56:18', '2025-06-04 14:55:32'),
	(241, 5219, 'Pemerintah Kab. Padang Lawas', 6, 1, '2025-06-11 09:56:18', '2025-06-04 14:55:32'),
	(242, 5220, 'Pemerintah Kab. Padang Lawas Utara', 6, 1, '2025-06-11 09:56:18', '2025-06-04 14:55:32'),
	(243, 5221, 'Pemerintah Kab. Batubara', 6, 1, '2025-06-11 09:56:18', '2025-06-04 14:55:32'),
	(244, 3022, 'Kementerian Pariwisata dan Ekonomi Kreatif/Badan Pariwisata dan Ekonomi Kreatif', 0, 1, '2025-06-11 09:56:18', '2025-06-04 14:55:32'),
	(245, 2110, 'Kementerian Perumahan Rakyat', 0, 1, '2025-06-11 09:56:18', '2025-06-04 14:55:32'),
	(246, 3018, 'Kementerian Komunikasi dan Informatika', 0, 1, '2025-06-11 09:56:18', '2025-06-04 14:55:32'),
	(247, 3019, 'Kementerian Perdagangan', 0, 1, '2025-06-11 09:56:18', '2025-06-04 14:55:32'),
	(248, 1010, 'Kementerian Koordinator Bidang Politik, Hukum dan Keamanan', 0, 1, '2025-06-11 09:56:18', '2025-06-04 14:55:32'),
	(249, 1020, 'Kementerian Koordinator Bidang Perekonomian', 0, 1, '2025-06-11 09:56:18', '2025-06-04 14:55:32'),
	(250, 1030, 'Kementerian Koordinator Bidang Pembangunan Manusia dan Kebudayaan', 0, 1, '2025-06-11 09:56:18', '2025-06-04 14:55:32'),
	(251, 2000, 'Kementerian Riset dan Teknologi/Badan Riset dan Inovasi Nasional', 0, 1, '2025-06-11 09:56:18', '2025-06-04 14:55:32'),
	(252, 2010, 'Kementerian Koperasi dan Usaha Kecil dan Menengah', 0, 1, '2025-06-11 09:56:18', '2025-06-04 14:55:32'),
	(253, 2020, 'Kementerian Lingkungan Hidup', 0, 1, '2025-06-11 09:56:18', '2025-06-04 14:55:32'),
	(254, 5611, 'Pemerintah Kab. Empat Lawang', 7, 1, '2025-06-11 09:56:18', '2025-06-04 14:55:32'),
	(255, 2040, 'Kementerian Badan Usaha Milik Negara', 0, 1, '2025-06-11 09:56:18', '2025-06-04 14:55:32'),
	(256, 2050, 'Kementerian Pemberdayaan Perempuan dan Perlindungan Anak', 0, 1, '2025-06-11 09:56:18', '2025-06-04 14:55:32'),
	(257, 2060, 'Kementerian Pendayagunaan Aparatur Negara dan Reformasi Birokrasi', 0, 1, '2025-06-11 09:56:18', '2025-06-04 14:55:32'),
	(258, 8404, 'Pemerintah Kab. Tana Tidung', 8, 1, '2025-06-11 09:56:18', '2025-06-04 14:55:32'),
	(259, 3001, 'Kementerian Dalam Negeri', 0, 1, '2025-06-11 09:56:18', '2025-06-04 14:55:32'),
	(260, 3002, 'Kementerian Luar Negeri', 0, 1, '2025-06-11 09:56:18', '2025-06-04 14:55:32'),
	(261, 3003, 'Kementerian Pertahanan', 0, 1, '2025-06-11 09:56:18', '2025-06-04 14:55:32'),
	(262, 3004, 'Kementerian Hukum dan Hak Asasi Manusia', 0, 1, '2025-06-11 09:56:18', '2025-06-04 14:55:32'),
	(263, 3005, 'Kementerian Keuangan', 0, 1, '2025-06-11 09:56:18', '2025-06-04 14:55:32'),
	(264, 3006, 'Kementerian Pertanian', 0, 1, '2025-06-11 09:56:18', '2025-06-04 14:55:32'),
	(265, 3008, 'Kementerian Energi dan Sumber Daya Mineral', 0, 1, '2025-06-11 09:56:18', '2025-06-04 14:55:32'),
	(266, 3010, 'Kementerian Pendidikan, Kebudayaan, Riset, dan Teknologi', 0, 1, '2025-06-11 09:56:18', '2025-06-04 14:55:32'),
	(267, 3012, 'Kementerian Agama', 0, 1, '2025-06-11 09:56:18', '2025-06-04 14:55:32'),
	(268, 3014, 'Kementerian Sosial', 0, 1, '2025-06-11 09:56:18', '2025-06-04 14:55:32'),
	(269, 3016, 'Kementerian Kelautan dan Perikanan', 0, 1, '2025-06-11 09:56:18', '2025-06-04 14:55:32'),
	(270, 4002, 'Kejaksaan Agung', 0, 1, '2025-06-11 09:56:18', '2025-06-04 14:55:32'),
	(271, 4004, 'Sekretariat Jenderal MPR', 0, 1, '2025-06-11 09:56:18', '2025-06-04 14:55:32'),
	(272, 4005, 'Setjen DPA', 0, 1, '2025-06-11 09:56:18', '2025-06-04 14:55:32'),
	(273, 4006, 'Sekretariat Jenderal DPR RI', 0, 1, '2025-06-11 09:56:18', '2025-06-04 14:55:32'),
	(274, 4009, 'Setjen WANTANNAS', 0, 1, '2025-06-11 09:56:18', '2025-06-04 14:55:32'),
	(275, 4010, 'Badan Siber dan Sandi Negara', 0, 1, '2025-06-11 09:56:18', '2025-06-04 14:55:32'),
	(276, 4012, 'Lembaga Administrasi Negara ', 0, 1, '2025-06-11 09:56:18', '2025-06-04 14:55:32'),
	(277, 4014, 'Lembaga Ilmu Pengetahuan Indonesia', 0, 1, '2025-06-11 09:56:18', '2025-06-04 14:55:32'),
	(278, 4016, 'Badan Pusat Statistik ', 0, 1, '2025-06-11 09:56:18', '2025-06-04 14:55:32'),
	(279, 4018, 'Arsip Nasional Republik Indonesia ', 0, 1, '2025-06-11 09:56:18', '2025-06-12 16:09:43'),
	(280, 4021, 'Badan Koordinasi Penanaman Modal', 0, 1, '2025-06-11 09:56:18', '2025-06-04 14:55:32'),
	(281, 4023, 'Badan Pengawasan Keuangan dan Pembangunan', 0, 1, '2025-06-11 09:56:18', '2025-06-04 14:55:32'),
	(282, 4025, 'Perpustakaan Nasional RI', 0, 1, '2025-06-11 09:56:18', '2025-06-04 14:55:32'),
	(283, 4028, 'Badan Pengawas Tenaga Nuklir ', 0, 1, '2025-06-11 09:56:18', '2025-06-04 14:55:32'),
	(284, 4032, 'Lembaga Ketahanan Nasional RI', 0, 1, '2025-06-11 09:56:18', '2025-06-04 14:55:32'),
	(285, 4034, 'MABES TNI', 0, 1, '2025-06-11 09:56:18', '2025-06-04 14:55:32'),
	(286, 4036, 'Sekretariat Kabinet ', 0, 1, '2025-06-11 09:56:18', '2025-06-04 14:55:32'),
	(287, 4037, 'Sekretariat Presiden', 0, 1, '2025-06-11 09:56:18', '2025-06-04 14:55:32'),
	(288, 4039, 'Sekretariat Militer', 0, 1, '2025-06-11 09:56:18', '2025-06-04 14:55:32'),
	(289, 4040, 'Badan Narkotika Nasional', 0, 1, '2025-06-11 09:56:18', '2025-06-04 14:55:32'),
	(290, 5101, 'Pemerintah Kab. Aceh Besar', 13, 1, '2025-06-11 09:56:18', '2025-06-04 14:55:32'),
	(291, 5102, 'Pemerintah Kab. Pidie', 13, 1, '2025-06-11 09:56:18', '2025-06-04 14:55:32'),
	(292, 5104, 'Pemerintah Kab. Aceh Timur', 13, 1, '2025-06-11 09:56:18', '2025-06-04 14:55:32'),
	(293, 5106, 'Pemerintah Kab. Aceh Barat', 13, 1, '2025-06-11 09:56:18', '2025-06-04 14:55:32'),
	(294, 5108, 'Pemerintah Kab. Aceh Tenggara', 13, 1, '2025-06-11 09:56:18', '2025-06-04 14:55:32'),
	(295, 5110, 'Pemerintah Kab. Bireuen', 13, 1, '2025-06-11 09:56:18', '2025-06-04 14:55:32'),
	(296, 5113, 'Pemerintah Kab. Gayo Lues', 13, 1, '2025-06-11 09:56:18', '2025-06-04 14:55:32'),
	(297, 5115, 'Pemerintah Kab. Nagan Raya', 13, 1, '2025-06-11 09:56:18', '2025-06-04 14:55:32'),
	(298, 5171, 'Pemerintah Kota Sabang', 13, 1, '2025-06-11 09:56:18', '2025-06-04 14:55:32'),
	(299, 7718, 'Pemerintah Kab. Nagekeo', 10, 1, '2025-06-11 09:56:18', '2025-06-04 14:55:32'),
	(300, 7719, 'Pemerintah Kab. Sumba Tengah', 10, 1, '2025-06-11 09:56:18', '2025-06-04 14:55:32'),
	(301, 8037, 'Pemerintah Kab. Intan Jaya', 9, 1, '2025-06-11 09:56:18', '2025-06-04 14:55:32'),
	(302, 8036, 'Pemerintah Kab. Deiyai', 9, 1, '2025-06-11 09:56:18', '2025-06-04 14:55:32'),
	(303, 7720, 'Pemerintah Kab. Sabu Raijua', 10, 1, '2025-06-11 09:56:18', '2025-06-04 14:55:32'),
	(304, 5910, 'Pemerintah Kab. Tulang Bawang Barat', 5, 1, '2025-06-11 09:56:18', '2025-06-04 14:55:32'),
	(305, 5278, 'Pemerintah Kota Gunung Sitoli', 6, 1, '2025-06-11 09:56:18', '2025-06-04 14:55:32'),
	(306, 5224, 'Pemerintah Kab. Nias Barat', 6, 1, '2025-06-11 09:56:18', '2025-06-04 14:55:32'),
	(307, 5225, 'Pemerintah Kab. Nias Utara', 6, 1, '2025-06-11 09:56:18', '2025-06-04 14:55:32'),
	(308, 7907, 'Pemerintah Kab. Pulau Morotai', 11, 1, '2025-06-11 09:56:18', '2025-06-04 14:55:32'),
	(309, 8210, 'Pemerintah Kab. Tambrauw', 14, 1, '2025-06-11 09:56:18', '2025-06-04 14:55:32'),
	(310, 5172, 'Pemerintah Kota Banda Aceh', 13, 1, '2025-06-11 09:56:18', '2025-06-04 14:55:32'),
	(311, 5173, 'Pemerintah Kota Langsa', 13, 1, '2025-06-11 09:56:18', '2025-06-04 14:55:32'),
	(312, 5174, 'Pemerintah Kota Lhokseumawe', 13, 1, '2025-06-11 09:56:18', '2025-06-04 14:55:32'),
	(313, 5200, 'Pemerintah Provinsi Sumatera Utara', 6, 1, '2025-06-11 09:56:18', '2025-06-04 14:55:32'),
	(314, 5800, 'Pemerintah Provinsi Bengkulu', 7, 1, '2025-06-11 09:56:18', '2025-06-04 14:55:32'),
	(315, 5801, 'Pemerintah Kab. Bengkulu Utara', 7, 1, '2025-06-11 09:56:18', '2025-06-04 14:55:32'),
	(316, 5802, 'Pemerintah Kab. Bengkulu Selatan', 7, 1, '2025-06-11 09:56:18', '2025-06-04 14:55:32'),
	(317, 5803, 'Pemerintah Kab. Rejang Lebong', 7, 1, '2025-06-11 09:56:18', '2025-06-04 14:55:32'),
	(318, 5804, 'Pemerintah Kab. Kaur', 7, 1, '2025-06-11 09:56:18', '2025-06-04 14:55:32'),
	(319, 5805, 'Pemerintah Kab. Seluma', 7, 1, '2025-06-11 09:56:18', '2025-06-04 14:55:32'),
	(320, 5806, 'Pemerintah Kab. Mukomuko', 7, 1, '2025-06-11 09:56:18', '2025-06-04 14:55:32'),
	(321, 5871, 'Pemerintah Kota Bengkulu', 7, 1, '2025-06-11 09:56:18', '2025-06-04 14:55:32'),
	(322, 5900, 'Pemerintah Provinsi Lampung', 5, 1, '2025-06-11 09:56:18', '2025-06-04 14:55:32'),
	(323, 5901, 'Pemerintah Kab. Lampung Selatan', 5, 1, '2025-06-11 09:56:18', '2025-06-04 14:55:32'),
	(324, 5902, 'Pemerintah Kab. Lampung Tengah', 5, 1, '2025-06-11 09:56:18', '2025-06-04 14:55:32'),
	(325, 5903, 'Pemerintah Kab. Lampung Utara', 5, 1, '2025-06-11 09:56:18', '2025-06-04 14:55:32'),
	(326, 5904, 'Pemerintah Kab. Lampung Barat', 5, 1, '2025-06-11 09:56:18', '2025-06-04 14:55:32'),
	(327, 5905, 'Pemerintah Kab. Tulang Bawang', 5, 1, '2025-06-11 09:56:18', '2025-06-04 14:55:32'),
	(328, 5907, 'Pemerintah Kab. Way Kanan', 5, 1, '2025-06-11 09:56:18', '2025-06-04 14:55:32'),
	(329, 5971, 'Pemerintah Kota Metro', 5, 1, '2025-06-11 09:56:18', '2025-06-04 14:55:32'),
	(330, 6000, 'Pemerintah Provinsi Daerah Khusus Ibukota Jakarta', 5, 1, '2025-06-11 09:56:18', '2025-06-04 14:55:32'),
	(331, 6101, 'Pemerintah Kab. Bogor', 3, 1, '2025-06-11 09:56:18', '2025-06-04 14:55:32'),
	(332, 6102, 'Pemerintah Kab. Sukabumi', 3, 1, '2025-06-11 09:56:18', '2025-06-04 14:55:32'),
	(333, 6104, 'Pemerintah Kab. Bekasi', 3, 1, '2025-06-11 09:56:18', '2025-06-04 14:55:32'),
	(334, 6106, 'Pemerintah Kab. Purwakarta', 3, 1, '2025-06-11 09:56:18', '2025-06-04 14:55:32'),
	(335, 6108, 'Pemerintah Kab. Bandung', 3, 1, '2025-06-11 09:56:18', '2025-06-04 14:55:32'),
	(336, 6110, 'Pemerintah Kab. Garut', 3, 1, '2025-06-11 09:56:18', '2025-06-04 14:55:32'),
	(337, 6113, 'Pemerintah Kab. Cirebon', 3, 1, '2025-06-11 09:56:18', '2025-06-04 14:55:32'),
	(338, 6115, 'Pemerintah Kab. Indramayu', 3, 1, '2025-06-11 09:56:18', '2025-06-04 14:55:32'),
	(339, 6171, 'Pemerintah Kota Bandung', 3, 1, '2025-06-11 09:56:18', '2025-06-04 14:55:32'),
	(340, 6173, 'Pemerintah Kota Sukabumi', 3, 1, '2025-06-11 09:56:18', '2025-06-04 14:55:32'),
	(341, 6175, 'Pemerintah Kota Bekasi', 3, 1, '2025-06-11 09:56:18', '2025-06-04 14:55:32'),
	(342, 6177, 'Pemerintah Kota Cimahi', 3, 1, '2025-06-11 09:56:18', '2025-06-04 14:55:32'),
	(343, 6179, 'Pemerintah Kota Banjar', 3, 1, '2025-06-11 09:56:18', '2025-06-04 14:55:32'),
	(344, 6202, 'Pemerintah Kab. Pandeglang', 3, 1, '2025-06-11 09:56:18', '2025-06-04 14:55:32'),
	(345, 6204, 'Pemerintah Kab. Tangerang', 3, 1, '2025-06-11 09:56:18', '2025-06-04 14:55:32'),
	(346, 6272, 'Pemerintah Kota Cilegon', 3, 1, '2025-06-11 09:56:18', '2025-06-04 14:55:32'),
	(347, 6301, 'Pemerintah Kab. Bantul', 1, 1, '2025-06-11 09:56:18', '2025-06-04 14:55:32'),
	(348, 6371, 'Pemerintah Kota Yogyakarta', 1, 1, '2025-06-11 09:56:18', '2025-06-04 14:55:32'),
	(349, 6401, 'Pemerintah Kab. Semarang', 1, 1, '2025-06-11 09:56:18', '2025-06-04 14:55:32'),
	(350, 6402, 'Pemerintah Kab. Kendal', 1, 1, '2025-06-11 09:56:18', '2025-06-04 14:55:32'),
	(351, 6404, 'Pemerintah Kab. Grobogan', 1, 1, '2025-06-11 09:56:18', '2025-06-04 14:55:32'),
	(352, 6406, 'Pemerintah Kab. Batang', 1, 1, '2025-06-11 09:56:18', '2025-06-04 14:55:32'),
	(353, 6408, 'Pemerintah Kab. Brebes', 1, 1, '2025-06-11 09:56:18', '2025-06-04 14:55:32'),
	(354, 6410, 'Pemerintah Kab. Kudus', 1, 1, '2025-06-11 09:56:18', '2025-06-04 14:55:32'),
	(355, 6412, 'Pemerintah Kab. Jepara', 1, 1, '2025-06-11 09:56:18', '2025-06-04 14:55:32'),
	(356, 6414, 'Pemerintah Kab. Blora', 1, 1, '2025-06-11 09:56:18', '2025-06-04 14:55:32'),
	(357, 6416, 'Pemerintah Kab. Cilacap', 1, 1, '2025-06-11 09:56:18', '2025-06-04 14:55:32'),
	(358, 6418, 'Pemerintah Kab. Banjarnegara', 1, 1, '2025-06-11 09:56:18', '2025-06-04 14:55:32'),
	(359, 6420, 'Pemerintah Kab. Temanggung', 1, 1, '2025-06-11 09:56:18', '2025-06-04 14:55:32'),
	(360, 6423, 'Pemerintah Kab. Kebumen', 1, 1, '2025-06-11 09:56:18', '2025-06-04 14:55:32'),
	(361, 6424, 'Pemerintah Kab. Klaten', 1, 1, '2025-06-11 09:56:18', '2025-06-04 14:55:32'),
	(362, 4059, 'Badan Nasional Pengelola Perbatasan', 0, 1, '2025-06-11 09:56:18', '2025-06-04 14:55:32'),
	(363, 4060, 'Badan Nasional Penanggulangan Terorisme', 0, 1, '2025-06-11 09:56:18', '2025-06-04 14:55:32'),
	(364, 8035, 'Pemerintah Kab. Puncak', 9, 1, '2025-06-11 09:56:18', '2025-06-04 14:55:32'),
	(365, 6900, 'Pemerintah Provinsi Kalimantan Timur', 8, 1, '2025-06-11 09:56:18', '2025-06-04 14:55:32'),
	(366, 6901, 'Pemerintah Kab. Kutai Kartanegara', 8, 1, '2025-06-11 09:56:18', '2025-06-04 14:55:32'),
	(367, 6902, 'Pemerintah Kab. Paser', 8, 1, '2025-06-11 09:56:18', '2025-06-04 14:55:32'),
	(368, 8401, 'Pemerintah Kab. Bulungan', 8, 1, '2025-06-11 09:56:18', '2025-06-04 14:55:32'),
	(369, 6904, 'Pemerintah Kab. Berau', 8, 1, '2025-06-11 09:56:18', '2025-06-04 14:55:32'),
	(370, 8402, 'Pemerintah Kab. Malinau', 8, 1, '2025-06-11 09:56:18', '2025-06-04 14:55:32'),
	(371, 8403, 'Pemerintah Kab. Nunukan', 8, 1, '2025-06-11 09:56:18', '2025-06-04 14:55:32'),
	(372, 6908, 'Pemerintah Kab. Kutai Timur', 8, 1, '2025-06-11 09:56:18', '2025-06-04 14:55:32'),
	(373, 6910, 'Pemerintah Kab. Penajam Paser Utara', 8, 1, '2025-06-11 09:56:18', '2025-06-04 14:55:32'),
	(374, 6971, 'Pemerintah Kota Samarinda', 8, 1, '2025-06-11 09:56:18', '2025-06-04 14:55:32'),
	(375, 6972, 'Pemerintah Kota Balikpapan', 8, 1, '2025-06-11 09:56:18', '2025-06-04 14:55:32'),
	(376, 6973, 'Pemerintah Kota Bontang', 8, 1, '2025-06-11 09:56:18', '2025-06-04 14:55:32'),
	(377, 8471, 'Pemerintah Kota Tarakan', 8, 1, '2025-06-11 09:56:18', '2025-06-04 14:55:32'),
	(378, 7000, 'Pemerintah Provinsi Sulawesi Utara', 11, 1, '2025-06-11 09:56:18', '2025-06-04 14:55:32'),
	(379, 7001, 'Pemerintah Kab. Minahasa', 11, 1, '2025-06-11 09:56:18', '2025-06-04 14:55:32'),
	(380, 7003, 'Pemerintah Kab. Kepulauan Sangihe', 11, 1, '2025-06-11 09:56:18', '2025-06-04 14:55:32'),
	(381, 7071, 'Pemerintah Kota Manado', 11, 1, '2025-06-11 09:56:18', '2025-06-04 14:55:32'),
	(382, 7073, 'Pemerintah Kota Tomohon', 11, 1, '2025-06-11 09:56:18', '2025-06-04 14:55:32'),
	(383, 7101, 'Pemerintah Kab. Gorontalo', 11, 1, '2025-06-11 09:56:18', '2025-06-04 14:55:32'),
	(384, 7103, 'Pemerintah Kab. Pohuwato', 11, 1, '2025-06-11 09:56:18', '2025-06-04 14:55:32'),
	(385, 7171, 'Pemerintah Kota Gorontalo', 11, 1, '2025-06-11 09:56:18', '2025-06-04 14:55:32'),
	(386, 7201, 'Pemerintah Kab. Poso', 4, 1, '2025-06-11 09:56:18', '2025-06-04 14:55:32'),
	(387, 7202, 'Pemerintah Kab. Donggala', 4, 1, '2025-06-11 09:56:18', '2025-06-04 14:55:32'),
	(388, 7204, 'Pemerintah Kab. Banggai', 4, 1, '2025-06-11 09:56:18', '2025-06-04 14:55:32'),
	(389, 7206, 'Pemerintah Kab. Morowali', 4, 1, '2025-06-11 09:56:18', '2025-06-04 14:55:32'),
	(390, 7208, 'Pemerintah Kab. Parigi Moutong', 4, 1, '2025-06-11 09:56:18', '2025-06-04 14:55:32'),
	(391, 7301, 'Pemerintah Kab. Pinrang', 4, 1, '2025-06-11 09:56:18', '2025-06-04 14:55:32'),
	(392, 7302, 'Pemerintah Kab. Gowa', 4, 1, '2025-06-11 09:56:18', '2025-06-04 14:55:32'),
	(393, 7303, 'Pemerintah Kab. Wajo', 4, 1, '2025-06-11 09:56:18', '2025-06-04 14:55:32'),
	(394, 7306, 'Pemerintah Kab. Tana Toraja', 4, 1, '2025-06-11 09:56:18', '2025-06-04 14:55:32'),
	(395, 7309, 'Pemerintah Kab. Luwu', 4, 1, '2025-06-11 09:56:18', '2025-06-04 14:55:32'),
	(396, 7313, 'Pemerintah Kab. Jeneponto', 4, 1, '2025-06-11 09:56:18', '2025-06-04 14:55:32'),
	(397, 7315, 'Pemerintah Kab. Takalar', 4, 1, '2025-06-11 09:56:18', '2025-06-04 14:55:32'),
	(398, 7318, 'Pemerintah Kab. Pangkajene dan Kepulauan', 4, 1, '2025-06-11 09:56:18', '2025-06-04 14:55:32'),
	(399, 7319, 'Pemerintah Kab. Soppeng', 4, 1, '2025-06-11 09:56:18', '2025-06-04 14:55:32'),
	(400, 7322, 'Pemerintah Kab. Luwu Utara', 4, 1, '2025-06-11 09:56:18', '2025-06-04 14:55:32'),
	(401, 7371, 'Pemerintah Kota Makassar', 4, 1, '2025-06-11 09:56:18', '2025-06-04 14:55:32'),
	(402, 7373, 'Pemerintah Kota Palopo', 4, 1, '2025-06-11 09:56:18', '2025-06-04 14:55:32'),
	(403, 7401, 'Pemerintah Kab. Konawe', 4, 1, '2025-06-11 09:56:18', '2025-06-04 14:55:32'),
	(404, 7402, 'Pemerintah Kab. Buton', 4, 1, '2025-06-11 09:56:18', '2025-06-04 14:55:32'),
	(405, 7404, 'Pemerintah Kab. Kolaka', 4, 1, '2025-06-11 09:56:18', '2025-06-04 14:55:32'),
	(406, 7471, 'Pemerintah Kota Kendari', 4, 1, '2025-06-11 09:56:18', '2025-06-04 14:55:32'),
	(407, 7500, 'Pemerintah Provinsi Bali', 10, 1, '2025-06-11 09:56:18', '2025-06-04 14:55:32'),
	(408, 7502, 'Pemerintah Kab. Jembrana', 10, 1, '2025-06-11 09:56:18', '2025-06-04 14:55:32'),
	(409, 7504, 'Pemerintah Kab. Gianyar', 10, 1, '2025-06-11 09:56:18', '2025-06-04 14:55:32'),
	(410, 7506, 'Pemerintah Kab. Bangli', 10, 1, '2025-06-11 09:56:18', '2025-06-04 14:55:32'),
	(411, 7507, 'Pemerintah Kab. Badung', 10, 1, '2025-06-11 09:56:18', '2025-06-04 14:55:32'),
	(412, 7600, 'Pemerintah Provinsi Nusa Tenggara Barat', 10, 1, '2025-06-11 09:56:18', '2025-06-04 14:55:32'),
	(413, 7602, 'Pemerintah Kab. Lombok Tengah', 10, 1, '2025-06-11 09:56:18', '2025-06-04 14:55:32'),
	(414, 7604, 'Pemerintah Kab. Bima', 10, 1, '2025-06-11 09:56:18', '2025-06-04 14:55:32'),
	(415, 7606, 'Pemerintah Kab. Dompu', 10, 1, '2025-06-11 09:56:18', '2025-06-04 14:55:32'),
	(416, 7672, 'Pemerintah Kota Bima', 10, 1, '2025-06-11 09:56:18', '2025-06-04 14:55:32'),
	(417, 5201, 'Pemerintah Kab. Deli Serdang', 6, 1, '2025-06-11 09:56:18', '2025-06-04 14:55:32'),
	(418, 5202, 'Pemerintah Kab. Karo', 6, 1, '2025-06-11 09:56:18', '2025-06-04 14:55:32'),
	(419, 5203, 'Pemerintah Kab. Langkat', 6, 1, '2025-06-11 09:56:18', '2025-06-04 14:55:32'),
	(420, 5204, 'Pemerintah Kab. Tapanuli Tengah', 6, 1, '2025-06-11 09:56:18', '2025-06-04 14:55:32'),
	(421, 5205, 'Pemerintah Kab. Simalungun', 6, 1, '2025-06-11 09:56:18', '2025-06-04 14:55:32'),
	(422, 5206, 'Pemerintah Kab. Labuhanbatu', 6, 1, '2025-06-11 09:56:18', '2025-06-04 14:55:32'),
	(423, 5208, 'Pemerintah Kab. Tapanuli Utara', 6, 1, '2025-06-11 09:56:18', '2025-06-04 14:55:32'),
	(424, 5209, 'Pemerintah Kab. Tapanuli Selatan', 6, 1, '2025-06-11 09:56:18', '2025-06-04 14:55:32'),
	(425, 5210, 'Pemerintah Kab. Asahan', 6, 1, '2025-06-11 09:56:18', '2025-06-04 14:55:32'),
	(426, 5211, 'Pemerintah Kab. Nias', 6, 1, '2025-06-11 09:56:18', '2025-06-04 14:55:32'),
	(427, 5212, 'Pemerintah Kab. Toba Samosir', 6, 1, '2025-06-11 09:56:18', '2025-06-04 14:55:32'),
	(428, 5213, 'Pemerintah Kab. Mandailing Natal', 6, 1, '2025-06-11 09:56:18', '2025-06-04 14:55:32'),
	(429, 5215, 'Pemerintah Kab. Humbang Hasundutan', 6, 1, '2025-06-11 09:56:18', '2025-06-04 14:55:32'),
	(430, 5271, 'Pemerintah Kota Medan', 6, 1, '2025-06-11 09:56:18', '2025-06-04 14:55:32'),
	(431, 5273, 'Pemerintah Kota Binjai', 6, 1, '2025-06-11 09:56:18', '2025-06-04 14:55:32'),
	(432, 5275, 'Pemerintah Kota Tanjungbalai', 6, 1, '2025-06-11 09:56:18', '2025-06-04 14:55:32'),
	(433, 5276, 'Pemerintah Kota Sibolga', 6, 1, '2025-06-11 09:56:18', '2025-06-04 14:55:32'),
	(434, 5300, 'Pemerintah Provinsi Riau', 12, 1, '2025-06-11 09:56:18', '2025-06-04 14:55:32'),
	(435, 5302, 'Pemerintah Kab. Bengkalis', 12, 1, '2025-06-11 09:56:18', '2025-06-04 14:55:32'),
	(436, 5305, 'Pemerintah Kab. Indragiri Hilir', 12, 1, '2025-06-11 09:56:18', '2025-06-04 14:55:32'),
	(437, 5307, 'Pemerintah Kab. Rokan Hulu', 12, 1, '2025-06-11 09:56:18', '2025-06-04 14:55:32'),
	(438, 5309, 'Pemerintah Kab. Siak', 12, 1, '2025-06-11 09:56:18', '2025-06-04 14:55:32'),
	(439, 5371, 'Pemerintah Kota Pekanbaru', 12, 1, '2025-06-11 09:56:18', '2025-06-04 14:55:32'),
	(440, 5373, 'Pemerintah Kota Dumai', 12, 1, '2025-06-11 09:56:18', '2025-06-04 14:55:32'),
	(441, 5401, 'Pemerintah Kab. Agam', 12, 1, '2025-06-11 09:56:18', '2025-06-04 14:55:32'),
	(442, 5405, 'Pemerintah Kab. Padang Pariaman', 12, 1, '2025-06-11 09:56:18', '2025-06-04 14:55:32'),
	(443, 5407, 'Pemerintah Kab. Tanah Datar', 12, 1, '2025-06-11 09:56:18', '2025-06-04 14:55:32'),
	(444, 5409, 'Pemerintah Kab. Kep. Mentawai', 12, 1, '2025-06-11 09:56:18', '2025-06-04 14:55:32'),
	(445, 5472, 'Pemerintah Kota Padang Panjang', 12, 1, '2025-06-11 09:56:18', '2025-06-04 14:55:32'),
	(446, 5474, 'Pemerintah Kota Solok', 12, 1, '2025-06-11 09:56:18', '2025-06-04 14:55:32'),
	(447, 5476, 'Pemerintah Kota Payakumbuh', 12, 1, '2025-06-11 09:56:18', '2025-06-04 14:55:32'),
	(448, 5502, 'Pemerintah Kab. Tanjung Jabung Barat', 7, 1, '2025-06-11 09:56:18', '2025-06-04 14:55:32'),
	(449, 5504, 'Pemerintah Kab. Merangin', 7, 1, '2025-06-11 09:56:18', '2025-06-04 14:55:32'),
	(450, 5506, 'Pemerintah Kab. Sarolangun', 7, 1, '2025-06-11 09:56:18', '2025-06-04 14:55:32'),
	(451, 5508, 'Pemerintah Kab. Muaro Jambi', 7, 1, '2025-06-11 09:56:18', '2025-06-04 14:55:32'),
	(452, 5571, 'Pemerintah Kota Jambi', 7, 1, '2025-06-11 09:56:18', '2025-06-04 14:55:32'),
	(453, 5601, 'Pemerintah Kab. Musi Banyuasin', 7, 1, '2025-06-11 09:56:18', '2025-06-04 14:55:32'),
	(454, 5603, 'Pemerintah Kab. Muara Enim', 7, 1, '2025-06-11 09:56:18', '2025-06-04 14:55:32'),
	(455, 5604, 'Pemerintah Kab. Lahat', 7, 1, '2025-06-11 09:56:18', '2025-06-04 14:55:32'),
	(456, 5606, 'Pemerintah Kab. Ogan Komering Ilir', 7, 1, '2025-06-11 09:56:18', '2025-06-04 14:55:32'),
	(457, 5671, 'Pemerintah Kota Palembang', 7, 1, '2025-06-11 09:56:18', '2025-06-04 14:55:32'),
	(458, 5673, 'Pemerintah Kota Lubuk Linggau', 7, 1, '2025-06-11 09:56:18', '2025-06-04 14:55:32'),
	(459, 5700, 'Pemerintah Provinsi Kep. Bangka Belitung', 7, 1, '2025-06-11 09:56:18', '2025-06-04 14:55:32'),
	(460, 5704, 'Pemerintah Kab. Bangka Tengah', 7, 1, '2025-06-11 09:56:18', '2025-06-04 14:55:32'),
	(461, 5706, 'Pemerintah Kab. Belitung Timur', 7, 1, '2025-06-11 09:56:18', '2025-06-04 14:55:32'),
	(462, 6425, 'Pemerintah Kab. Boyolali', 1, 1, '2025-06-11 09:56:18', '2025-06-04 14:55:32'),
	(463, 6426, 'Pemerintah Kab. Sragen', 1, 1, '2025-06-11 09:56:18', '2025-06-04 14:55:32'),
	(464, 6427, 'Pemerintah Kab. Sukoharjo', 1, 1, '2025-06-11 09:56:18', '2025-06-04 14:55:32'),
	(465, 6428, 'Pemerintah Kab. Karanganyar', 1, 1, '2025-06-11 09:56:18', '2025-06-04 14:55:32'),
	(466, 6429, 'Pemerintah Kab. Wonogiri', 1, 1, '2025-06-11 09:56:18', '2025-06-04 14:55:32'),
	(467, 6471, 'Pemerintah Kota Semarang', 1, 1, '2025-06-11 09:56:18', '2025-06-04 14:55:32'),
	(468, 6472, 'Pemerintah Kota Salatiga', 1, 1, '2025-06-11 09:56:18', '2025-06-04 14:55:32'),
	(469, 6473, 'Pemerintah Kota Pekalongan', 1, 1, '2025-06-11 09:56:18', '2025-06-04 14:55:32'),
	(470, 6474, 'Pemerintah Kota Tegal', 1, 1, '2025-06-11 09:56:18', '2025-06-04 14:55:32'),
	(471, 6475, 'Pemerintah Kota Magelang', 1, 1, '2025-06-11 09:56:18', '2025-06-04 14:55:32'),
	(472, 6500, 'Pemerintah Provinsi Jawa Timur', 2, 1, '2025-06-11 09:56:18', '2025-06-04 14:55:32'),
	(473, 6501, 'Pemerintah Kab. Gresik', 2, 1, '2025-06-11 09:56:18', '2025-06-04 14:55:32'),
	(474, 6502, 'Pemerintah Kab. Mojokerto', 2, 1, '2025-06-11 09:56:18', '2025-06-04 14:55:32'),
	(475, 6503, 'Pemerintah Kab. Sidoarjo', 2, 1, '2025-06-11 09:56:18', '2025-06-04 14:55:32'),
	(476, 6504, 'Pemerintah Kab. Jombang', 2, 1, '2025-06-11 09:56:18', '2025-06-04 14:55:32'),
	(477, 6505, 'Pemerintah Kab. Sampang', 2, 1, '2025-06-11 09:56:18', '2025-06-04 14:55:32'),
	(478, 6506, 'Pemerintah Kab. Pamekasan', 2, 1, '2025-06-11 09:56:18', '2025-06-04 14:55:32'),
	(479, 6508, 'Pemerintah Kab. Bangkalan', 2, 1, '2025-06-11 09:56:18', '2025-06-04 14:55:32'),
	(480, 6510, 'Pemerintah Kab. Situbondo', 2, 1, '2025-06-11 09:56:18', '2025-06-04 14:55:32'),
	(481, 6512, 'Pemerintah Kab. Jember', 2, 1, '2025-06-11 09:56:18', '2025-06-04 14:55:32'),
	(482, 6514, 'Pemerintah Kab. Pasuruan', 2, 1, '2025-06-11 09:56:18', '2025-06-04 14:55:32'),
	(483, 6516, 'Pemerintah Kab. Lumajang', 2, 1, '2025-06-11 09:56:18', '2025-06-04 14:55:32'),
	(484, 6518, 'Pemerintah Kab. Tulungagung', 2, 1, '2025-06-11 09:56:18', '2025-06-04 14:55:32'),
	(485, 6520, 'Pemerintah Kab. Trenggalek', 2, 1, '2025-06-11 09:56:18', '2025-06-04 14:55:32'),
	(486, 6522, 'Pemerintah Kab. Madiun', 2, 1, '2025-06-11 09:56:18', '2025-06-04 14:55:32'),
	(487, 6524, 'Pemerintah Kab. Magetan', 2, 1, '2025-06-11 09:56:18', '2025-06-04 14:55:32'),
	(488, 6526, 'Pemerintah Kab. Pacitan', 2, 1, '2025-06-11 09:56:18', '2025-06-04 14:55:32'),
	(489, 6528, 'Pemerintah Kab. Tuban', 2, 1, '2025-06-11 09:56:18', '2025-06-04 14:55:32'),
	(490, 6572, 'Pemerintah Kota Mojokerto', 2, 1, '2025-06-11 09:56:18', '2025-06-04 14:55:32'),
	(491, 6574, 'Pemerintah Kota Pasuruan', 2, 1, '2025-06-11 09:56:18', '2025-06-04 14:55:32'),
	(492, 6576, 'Pemerintah Kota Blitar', 2, 1, '2025-06-11 09:56:18', '2025-06-04 14:55:32'),
	(493, 6578, 'Pemerintah Kota Madiun', 2, 1, '2025-06-11 09:56:18', '2025-06-04 14:55:32'),
	(494, 6601, 'Pemerintah Kab. Sambas', 5, 1, '2025-06-11 09:56:18', '2025-06-04 14:55:32'),
	(495, 6602, 'Pemerintah Kab. Sanggau', 5, 1, '2025-06-11 09:56:18', '2025-06-04 14:55:32'),
	(496, 6603, 'Pemerintah Kab. Sintang', 5, 1, '2025-06-11 09:56:18', '2025-06-04 14:55:32'),
	(497, 6605, 'Pemerintah Kab. Kapuas Hulu', 5, 1, '2025-06-11 09:56:18', '2025-06-04 14:55:32'),
	(498, 6607, 'Pemerintah Kab. Bengkayang', 5, 1, '2025-06-11 09:56:18', '2025-06-04 14:55:32'),
	(499, 6672, 'Pemerintah Kota Singkawang', 5, 1, '2025-06-11 09:56:18', '2025-06-04 14:55:32'),
	(500, 6701, 'Pemerintah Kab. Kapuas', 8, 1, '2025-06-11 09:56:18', '2025-06-04 14:55:32'),
	(501, 6702, 'Pemerintah Kab. Barito Utara', 8, 1, '2025-06-11 09:56:18', '2025-06-04 14:55:32'),
	(502, 6704, 'Pemerintah Kab. Kotawaringin Timur', 8, 1, '2025-06-11 09:56:18', '2025-06-04 14:55:32'),
	(503, 6706, 'Pemerintah Kab. Pulang Pisau', 8, 1, '2025-06-11 09:56:18', '2025-06-04 14:55:32'),
	(504, 6708, 'Pemerintah Kab. Lamandau', 8, 1, '2025-06-11 09:56:18', '2025-06-04 14:55:32'),
	(505, 6710, 'Pemerintah Kab. Murung Raya', 8, 1, '2025-06-11 09:56:18', '2025-06-04 14:55:32'),
	(506, 6712, 'Pemerintah Kab. Seruyan', 8, 1, '2025-06-11 09:56:18', '2025-06-04 14:55:32'),
	(507, 6801, 'Pemerintah Kab. Banjar', 8, 1, '2025-06-11 09:56:18', '2025-06-04 14:55:32'),
	(508, 6802, 'Pemerintah Kab. Tanah Laut', 8, 1, '2025-06-11 09:56:18', '2025-06-04 14:55:32'),
	(509, 6804, 'Pemerintah Kab. Hulu Sungai Selatan', 8, 1, '2025-06-11 09:56:18', '2025-06-04 14:55:32'),
	(510, 6806, 'Pemerintah Kab. Barito Kuala', 8, 1, '2025-06-11 09:56:18', '2025-06-04 14:55:32'),
	(511, 6808, 'Pemerintah Kab. Kotabaru', 8, 1, '2025-06-11 09:56:18', '2025-06-04 14:55:32'),
	(512, 6811, 'Pemerintah Kab. Balangan', 8, 1, '2025-06-11 09:56:18', '2025-06-04 14:55:32'),
	(513, 6871, 'Pemerintah Kota Banjarmasin', 8, 1, '2025-06-11 09:56:18', '2025-06-04 14:55:32'),
	(514, 6421, 'Pemerintah Kab. Wonosobo', 1, 1, '2025-06-11 09:56:18', '2025-06-04 14:55:32'),
	(515, 6810, 'Pemerintah Kab. Tanah Bumbu', 8, 1, '2025-06-11 09:56:18', '2025-06-04 14:55:32'),
	(516, 7508, 'Pemerintah Kab. Tabanan', 10, 1, '2025-06-11 09:56:18', '2025-06-04 14:55:32'),
	(517, 7605, 'Pemerintah Kab. Sumbawa', 10, 1, '2025-06-11 09:56:18', '2025-06-04 14:55:32'),
	(518, 8102, 'Pemerintah Kab. Karimun', 12, 1, '2025-06-11 09:56:18', '2025-06-04 14:55:32'),
	(519, 8172, 'Pemerintah Kota Tanjungpinang', 12, 1, '2025-06-11 09:56:18', '2025-06-04 14:55:32'),
	(520, 5771, 'Pemerintah Kota Pangkal Pinang', 7, 1, '2025-06-11 09:56:18', '2025-06-04 14:55:32'),
	(521, 4056, 'Ombudsman Republik Indonesia', 0, 1, '2025-06-11 09:56:18', '2025-06-04 14:55:32'),
	(522, 7701, 'Pemerintah Kab. Kupang', 10, 1, '2025-06-11 09:56:18', '2025-06-04 14:55:32'),
	(523, 7702, 'Pemerintah Kab. Belu', 10, 1, '2025-06-11 09:56:18', '2025-06-04 14:55:32'),
	(524, 7703, 'Pemerintah Kab. Timor Tengah Utara', 10, 1, '2025-06-11 09:56:18', '2025-06-04 14:55:32'),
	(525, 7704, 'Pemerintah Kab. Timor Tengah Selatan', 10, 1, '2025-06-11 09:56:18', '2025-06-04 14:55:32'),
	(526, 7706, 'Pemerintah Kab. Sikka', 10, 1, '2025-06-11 09:56:18', '2025-06-04 14:55:32'),
	(527, 7707, 'Pemerintah Kab. Flores Timur', 10, 1, '2025-06-11 09:56:18', '2025-06-04 14:55:32'),
	(528, 7708, 'Pemerintah Kab. Ende', 10, 1, '2025-06-11 09:56:18', '2025-06-04 14:55:32'),
	(529, 7709, 'Pemerintah Kab. Ngada', 10, 1, '2025-06-11 09:56:18', '2025-06-04 14:55:32'),
	(530, 7710, 'Pemerintah Kab. Manggarai', 10, 1, '2025-06-11 09:56:18', '2025-06-04 14:55:32'),
	(531, 7711, 'Pemerintah Kab. Sumba Timur', 10, 1, '2025-06-11 09:56:18', '2025-06-04 14:55:32'),
	(532, 7712, 'Pemerintah Kab. Sumba Barat', 10, 1, '2025-06-11 09:56:18', '2025-06-04 14:55:32'),
	(533, 7713, 'Pemerintah Kab. Lembata', 10, 1, '2025-06-11 09:56:18', '2025-06-04 14:55:32'),
	(534, 7714, 'Pemerintah Kab. Rote Ndao', 10, 1, '2025-06-11 09:56:18', '2025-06-04 14:55:32'),
	(535, 7715, 'Pemerintah Kab. Manggarai Barat', 10, 1, '2025-06-11 09:56:18', '2025-06-04 14:55:32'),
	(536, 7771, 'Pemerintah Kota Kupang', 10, 1, '2025-06-11 09:56:18', '2025-06-04 14:55:32'),
	(537, 7801, 'Pemerintah Kab. Maluku Tengah', 4, 1, '2025-06-11 09:56:18', '2025-06-04 14:55:32'),
	(538, 7803, 'Pemerintah Kab. Buru', 4, 1, '2025-06-11 09:56:18', '2025-06-04 14:55:32'),
	(539, 7871, 'Pemerintah Kota Ambon', 4, 1, '2025-06-11 09:56:18', '2025-06-04 14:55:32'),
	(540, 7902, 'Pemerintah Kab. Halmahera Tengah', 11, 1, '2025-06-11 09:56:18', '2025-06-04 14:55:32'),
	(541, 7904, 'Pemerintah Kab. Halmahera Selatan', 11, 1, '2025-06-11 09:56:18', '2025-06-04 14:55:32'),
	(542, 7906, 'Pemerintah Kab. Halmahera Timur', 11, 1, '2025-06-11 09:56:18', '2025-06-04 14:55:32'),
	(543, 7972, 'Pemerintah Kota Tidore Kepulauan', 11, 1, '2025-06-11 09:56:18', '2025-06-04 14:55:32'),
	(544, 8001, 'Pemerintah Kab. Jayapura', 9, 1, '2025-06-11 09:56:18', '2025-06-04 14:55:32'),
	(545, 8004, 'Pemerintah Kab. Kepulauan Yapen ', 9, 1, '2025-06-11 09:56:18', '2025-06-04 14:55:32'),
	(546, 8008, 'Pemerintah Kab. Jayawijaya', 9, 1, '2025-06-11 09:56:18', '2025-06-04 14:55:32'),
	(547, 8011, 'Pemerintah Kab. Paniai', 9, 1, '2025-06-11 09:56:18', '2025-06-04 14:55:32'),
	(548, 8012, 'Pemerintah Kab. Mimika', 9, 1, '2025-06-11 09:56:18', '2025-06-04 14:55:32'),
	(549, 8014, 'Pemerintah Kab. Mappi', 9, 1, '2025-06-11 09:56:18', '2025-06-04 14:55:32'),
	(550, 8016, 'Pemerintah Kab. Yahukimo', 9, 1, '2025-06-11 09:56:18', '2025-06-04 14:55:32'),
	(551, 8018, 'Pemerintah Kab. Tolikara', 9, 1, '2025-06-11 09:56:18', '2025-06-04 14:55:32'),
	(552, 8019, 'Pemerintah Kab. Sarmi', 9, 1, '2025-06-11 09:56:18', '2025-06-04 14:55:32'),
	(553, 8026, 'Pemerintah Kab. Waropen', 9, 1, '2025-06-11 09:56:18', '2025-06-04 14:55:32'),
	(554, 8100, 'Pemerintah Provinsi Kepulauan Riau', 12, 1, '2025-06-11 09:56:18', '2025-06-04 14:55:32'),
	(555, 8103, 'Pemerintah Kab. Natuna', 12, 1, '2025-06-11 09:56:18', '2025-06-04 14:55:32'),
	(556, 9910, 'Luar Negeri', 0, 1, '2025-06-11 09:56:18', '2025-06-04 14:55:32'),
	(557, 9999, 'Lain-Lain', 0, 1, '2025-06-11 09:56:18', '2025-06-04 14:55:32'),
	(558, 8200, 'Pemerintah Provinsi Papua Barat', 14, 1, '2025-06-11 09:56:18', '2025-06-04 14:55:32'),
	(559, 8300, 'Pemerintah Provinsi Sulawesi Barat', 4, 1, '2025-06-11 09:56:18', '2025-06-04 14:55:32'),
	(560, 8820, 'BUMD', 0, 1, '2025-06-11 09:56:18', '2025-06-04 14:55:32'),
	(561, 8830, 'SWASTA', 0, 1, '2025-06-11 09:56:18', '2025-06-04 14:55:32'),
	(562, 8201, 'Pemerintah Kab. Sorong', 14, 1, '2025-06-11 09:56:18', '2025-06-04 14:55:32'),
	(563, 8203, 'Pemerintah Kab. Raja Ampat', 14, 1, '2025-06-11 09:56:18', '2025-06-04 14:55:32'),
	(564, 8204, 'Pemerintah Kab. Manokwari', 14, 1, '2025-06-11 09:56:18', '2025-06-04 14:55:32'),
	(565, 8206, 'Pemerintah Kab. Teluk Wondama', 14, 1, '2025-06-11 09:56:18', '2025-06-04 14:55:32'),
	(566, 8208, 'Pemerintah Kab. Kaimana', 14, 1, '2025-06-11 09:56:18', '2025-06-04 14:55:32'),
	(567, 5217, 'Pemerintah Kab. Samosir', 6, 1, '2025-06-11 09:56:18', '2025-06-04 14:55:32'),
	(568, 5609, 'Pemerintah Kab. Ogan Komering Ulu Sel.', 7, 1, '2025-06-11 09:56:18', '2025-06-04 14:55:32'),
	(569, 5807, 'Pemerintah Kab. Kepahiang', 7, 1, '2025-06-11 09:56:18', '2025-06-04 14:55:32'),
	(570, 6609, 'Pemerintah Kab. Melawi', 5, 1, '2025-06-11 09:56:18', '2025-06-04 14:55:32'),
	(571, 5117, 'Pemerintah Kab. Bener Meriah', 13, 1, '2025-06-11 09:56:18', '2025-06-04 14:55:32'),
	(572, 5411, 'Pemerintah Kab. Dharmasraya', 12, 1, '2025-06-11 09:56:18', '2025-06-04 14:55:32'),
	(573, 8104, 'Pemerintah Kab. Lingga', 12, 1, '2025-06-11 09:56:18', '2025-06-04 14:55:32'),
	(574, 7410, 'Pemerintah Kab. Buton Utara', 4, 1, '2025-06-11 09:56:18', '2025-06-04 14:55:32'),
	(575, 7411, 'Pemerintah Kab. Konawe Utara', 4, 1, '2025-06-11 09:56:18', '2025-06-04 14:55:32'),
	(576, 4053, 'Badan Nasional Pencarian dan Pertolongan', 0, 1, '2025-06-11 09:56:18', '2025-06-04 14:55:32'),
	(577, 7209, 'Pemerintah Kab. Tojo Una Una', 4, 1, '2025-06-11 09:56:18', '2025-06-04 14:55:32'),
	(578, 7406, 'Pemerintah Kab. Kolaka Utara', 4, 1, '2025-06-11 09:56:18', '2025-06-04 14:55:32'),
	(579, 7407, 'Pemerintah Kab. Bombana', 4, 1, '2025-06-11 09:56:18', '2025-06-04 14:55:32'),
	(580, 7408, 'Pemerintah Kab. Wakatobi', 4, 1, '2025-06-11 09:56:18', '2025-06-04 14:55:32'),
	(581, 7607, 'Pemerintah Kab. Sumbawa Barat', 10, 1, '2025-06-11 09:56:18', '2025-06-04 14:55:32'),
	(582, 7805, 'Pemerintah Kab. Kepulauan Aru', 4, 1, '2025-06-11 09:56:18', '2025-06-04 14:55:32'),
	(583, 7806, 'Pemerintah Kab. Seram Bagian Barat', 4, 1, '2025-06-11 09:56:18', '2025-06-04 14:55:32'),
	(584, 8027, 'Pemerintah Kab. Supiori', 9, 1, '2025-06-11 09:56:18', '2025-06-04 14:55:32'),
	(585, 4046, 'Kepaniteraan dan Sekretariat Jenderal Mahkamah Konstitusi RI', 0, 1, '2025-06-11 09:56:18', '2025-06-04 14:55:32'),
	(586, 8302, 'Pemerintah Kab. Mamuju', 4, 1, '2025-06-11 09:56:18', '2025-06-04 14:55:32'),
	(587, 8303, 'Pemerintah Kab. Mamasa', 4, 1, '2025-06-11 09:56:18', '2025-06-04 14:55:32'),
	(588, 8304, 'Pemerintah Kab. Polewali Mandar', 4, 1, '2025-06-11 09:56:18', '2025-06-04 14:55:32'),
	(589, 8305, 'Pemerintah Kab. Majene', 4, 1, '2025-06-11 09:56:18', '2025-06-04 14:55:32'),
	(590, 7807, 'Pemerintah Kab. Seram Bagian Timur', 4, 1, '2025-06-11 09:56:18', '2025-06-04 14:55:32'),
	(591, 4047, 'Setjen Komisi Pemberantasan Korupsi', 0, 1, '2025-06-11 09:56:18', '2025-06-04 14:55:32'),
	(592, 7006, 'Pemerintah Kab. Minahasa Utara', 11, 1, '2025-06-11 09:56:18', '2025-06-04 14:55:32'),
	(593, 4045, 'Badan Pengusahaan Kawasan Perdagangan Bebas dan Pelabuhan Bebas Batam', 0, 1, '2025-06-11 09:56:18', '2025-06-04 14:55:32'),
	(594, 3021, 'Kementerian Pekerjaan Umum dan Perumahan Rakyat', 0, 1, '2025-06-11 09:56:18', '2025-06-04 14:55:32'),
	(595, 4048, 'Setjen KORPRI', 0, 1, '2025-06-11 09:56:18', '2025-06-04 14:55:32'),
	(596, 4051, 'Badan Pelindungan Pekerja Migran Indonesia', 0, 1, '2025-06-11 09:56:18', '2025-06-04 14:55:32'),
	(597, 7717, 'Pemerintah Kab. Sumba Barat Daya', 10, 1, '2025-06-11 09:56:18', '2025-06-04 14:55:32'),
	(598, 6611, 'Pemerintah Kab. Kubu Raya', 5, 1, '2025-06-11 09:56:18', '2025-06-04 14:55:32'),
	(599, 4054, 'Lembaga Kebijakan Pengadaan Barang/Jasa Pemerintah', 0, 1, '2025-06-11 09:56:18', '2025-06-04 14:55:32'),
	(600, 8211, 'Pemerintah Kab. Maybrat', 14, 1, '2025-06-11 09:56:18', '2025-06-04 14:55:32'),
	(601, 4058, 'RADIO REPUBLIK INDONESIA', 0, 1, '2025-06-11 09:56:18', '2025-06-04 14:55:32'),
	(602, 8017, 'Pemerintah Kab. Pegunungan Bintang', 9, 1, '2025-06-11 09:56:18', '2025-06-04 14:55:32'),
	(603, 8020, 'Pemerintah Kab. Keerom', 9, 1, '2025-06-11 09:56:18', '2025-06-04 14:55:32'),
	(604, 8072, 'Pemerintah Kota Jayapura', 9, 1, '2025-06-11 09:56:18', '2025-06-04 14:55:32'),
	(605, 8101, 'Pemerintah Kab. Bintan', 12, 1, '2025-06-11 09:56:18', '2025-06-04 14:55:32'),
	(606, 8171, 'Pemerintah Kota Batam', 12, 1, '2025-06-11 09:56:18', '2025-06-04 14:55:32'),
	(607, 8810, 'BUMN', 0, 1, '2025-06-11 09:56:18', '2025-06-04 14:55:32'),
	(608, 4041, 'Setjen Komisi Pemilihan Umum', 0, 1, '2025-06-11 09:56:18', '2025-06-04 14:55:32'),
	(609, 4043, 'Badan Nasional Penanggulangan Bencana', 0, 1, '2025-06-11 09:56:18', '2025-06-04 14:55:32'),
	(610, 4044, 'Setjen KOMNAS HAM', 0, 1, '2025-06-11 09:56:18', '2025-06-04 14:55:32'),
	(611, 7716, 'Pemerintah Kab. Manggarai Timur', 10, 1, '2025-06-11 09:56:18', '2025-06-04 14:55:32'),
	(612, 8205, 'Pemerintah Kab. Teluk Bintuni', 14, 1, '2025-06-11 09:56:18', '2025-06-04 14:55:32'),
	(613, 8207, 'Pemerintah Kab. Fak-Fak', 14, 1, '2025-06-11 09:56:18', '2025-06-04 14:55:32'),
	(614, 8271, 'Pemerintah Kota Sorong', 14, 1, '2025-06-11 09:56:18', '2025-06-04 14:55:32'),
	(615, 2100, 'Kementerian Pemuda dan Olahraga', 0, 1, '2025-06-11 09:56:18', '2025-06-04 14:55:32'),
	(616, 5608, 'Pemerintah Kab. Ogan Komering Ulu Timur', 7, 1, '2025-06-11 09:56:18', '2025-06-04 14:55:32'),
	(617, 6610, 'Pemerintah Kab. Sekadau', 5, 1, '2025-06-11 09:56:18', '2025-06-04 14:55:32'),
	(618, 5410, 'Pemerintah Kab. Solok Selatan', 12, 1, '2025-06-11 09:56:18', '2025-06-04 14:55:32'),
	(619, 5412, 'Pemerintah Kab. Pasaman Barat', 12, 1, '2025-06-11 09:56:18', '2025-06-04 14:55:32'),
	(620, 5911, 'Pemerintah Kab. Pringsewu', 5, 1, '2025-06-11 09:56:18', '2025-06-04 14:55:32'),
	(621, 5912, 'Pemerintah Kab. Mesuji', 5, 1, '2025-06-11 09:56:18', '2025-06-04 14:55:32'),
	(622, 3009, 'Kementerian Perhubungan', 0, 1, '2025-06-11 09:56:18', '2025-06-04 14:55:32'),
	(623, 4020, 'Badan Kependudukan dan Keluarga Berencana Nasional', 0, 1, '2025-06-11 09:56:18', '2025-06-04 14:55:32'),
	(624, 4055, 'Pusat Pelaporan dan Analisis Transaksi Keuangan', 0, 1, '2025-06-11 09:56:18', '2025-06-04 14:55:32'),
	(625, 6274, 'Pemerintah Kota Tangerang Selatan', 3, 1, '2025-06-11 09:56:18', '2025-06-04 14:55:32'),
	(626, 5313, 'Pemerintah Kab. Kepulauan Meranti', 12, 1, '2025-06-11 09:56:18', '2025-06-04 14:55:32'),
	(627, 4057, 'TELEVISI REPUBLIK INDONESIA', 0, 1, '2025-06-11 09:56:18', '2025-06-04 14:55:32'),
	(628, 6912, 'Pemerintah Kab. Mahakam Ulu', 8, 1, '2025-06-11 09:56:18', '2025-06-04 14:55:32'),
	(629, 8212, 'Pemerintah Kab. Pegunungan Arfak', 14, 1, '2025-06-11 09:56:18', '2025-06-04 14:55:32'),
	(630, 6118, 'Pemerintah Kab. Pangandaran', 3, 1, '2025-06-11 09:56:18', '2025-06-04 14:55:32'),
	(631, 7908, 'Pemerintah Kab. Pulau Taliabu', 11, 1, '2025-06-11 09:56:18', '2025-06-04 14:55:32'),
	(632, 7721, 'Pemerintah Kab. Malaka', 10, 1, '2025-06-11 09:56:18', '2025-06-04 14:55:32'),
	(633, 7211, 'Pemerintah Kab. Banggai Laut', 4, 1, '2025-06-11 09:56:18', '2025-06-04 14:55:32'),
	(634, 8400, 'Pemerintah Provinsi Kalimantan Utara', 8, 1, '2025-06-11 09:56:18', '2025-06-04 14:55:32'),
	(635, 7412, 'Pemerintah Kab. Kolaka Timur', 4, 1, '2025-06-11 09:56:18', '2025-06-04 14:55:32'),
	(636, 5675, 'Pemerintah Kab. Penukal Abab Lematang Ilir', 7, 1, '2025-06-11 09:56:18', '2025-06-04 14:55:32'),
	(637, 5913, 'Pemerintah Kab. Pesisir Barat', 5, 1, '2025-06-11 09:56:18', '2025-06-04 14:55:32'),
	(638, 8306, 'Pemerintah Kab. Mamuju Tengah', 4, 1, '2025-06-11 09:56:18', '2025-06-04 14:55:32'),
	(639, 8213, 'Pemerintah Kab. Manokwari Selatan', 14, 1, '2025-06-11 09:56:18', '2025-06-04 14:55:32'),
	(640, 7212, 'Pemerintah Kab. Morowali Utara', 4, 1, '2025-06-11 09:56:18', '2025-06-04 14:55:32'),
	(641, 4063, 'Komisi Aparatur Sipil Negara', 0, 1, '2025-06-11 09:56:18', '2025-06-04 14:55:32'),
	(642, 4064, 'Badan Ekonomi Kreatif', 0, 1, '2025-06-11 09:56:18', '2025-06-04 14:55:32'),
	(643, 4065, 'Lembaga Perlindungan Saksi dan Korban', 0, 1, '2025-06-11 09:56:18', '2025-06-04 14:55:32'),
	(644, 4066, 'Badan Pembinaan Ideologi Pancasila', 0, 1, '2025-06-11 09:56:18', '2025-06-04 14:55:32'),
	(645, 9998, 'KEMENAG TESTING', 0, 1, '2025-06-11 09:56:18', '2025-06-04 14:55:32'),
	(646, 4610, 'Badan Pangan Nasional', 0, 1, '2025-06-11 09:56:18', '2025-06-04 14:55:32'),
	(647, 4069, 'Otorita Ibu Kota Nusantara', 0, 1, '2025-06-11 09:56:18', '2025-06-04 14:55:32'),
	(648, 4070, 'Sekretariat Jenderal Dewan Nasional Kawasan Ekonomi Khusus', 0, 1, '2025-06-11 09:56:18', '2025-06-04 14:55:32'),
	(649, 4068, 'Badan Karantina Indonesia', 0, 1, '2025-06-11 09:56:18', '2025-06-04 14:55:32'),
	(650, 8073, 'Pemerintah Provinsi Papua Selatan', 9, 1, '2025-06-11 09:56:18', '2025-06-04 14:55:32'),
	(651, 8074, 'Pemerintah Provinsi Papua Barat Daya', 9, 1, '2025-06-11 09:56:18', '2025-06-04 14:55:32'),
	(652, 8075, 'Pemerintah Provinsi Papua Tengah', 9, 1, '2025-06-11 09:56:18', '2025-06-04 14:55:32'),
	(653, 0, 'Kementerian Komunikasi dan Digitalisasi', 0, 1, '2025-06-11 09:56:18', '2025-06-04 14:55:32');
/*!40000 ALTER TABLE `data_instansi` ENABLE KEYS */;

-- Dumping structure for table mojang.data_layanan
CREATE TABLE IF NOT EXISTS `data_layanan` (
  `id` int(11) NOT NULL AUTO_INCREMENT,
  `uuid` varchar(50) NOT NULL DEFAULT uuid(),
  `ss_id` int(11) DEFAULT NULL,
  `iku_id` int(11) DEFAULT NULL,
  `bidang_id` int(11) DEFAULT NULL,
  `nama_layanan` varchar(100) DEFAULT NULL,
  `alias` varchar(50) DEFAULT NULL,
  `code` varchar(50) DEFAULT NULL,
  `deskripsi` text DEFAULT NULL,
  `kategori` varchar(30) DEFAULT NULL,
  `status` int(11) DEFAULT NULL,
  `created_at` timestamp NULL DEFAULT current_timestamp(),
  `updated_at` timestamp NULL DEFAULT current_timestamp() ON UPDATE current_timestamp(),
  PRIMARY KEY (`id`) USING BTREE
) ENGINE=InnoDB AUTO_INCREMENT=11 DEFAULT CHARSET=utf8mb4 COLLATE=utf8mb4_unicode_520_ci;

-- Dumping data for table mojang.data_layanan: ~10 rows (approximately)
/*!40000 ALTER TABLE `data_layanan` DISABLE KEYS */;
INSERT INTO `data_layanan` (`id`, `uuid`, `ss_id`, `iku_id`, `bidang_id`, `nama_layanan`, `alias`, `code`, `deskripsi`, `kategori`, `status`, `created_at`, `updated_at`) VALUES
	(1, '246bda22-56f8-11f0-97c0-7a9bb8bed928', NULL, NULL, 4, 'MONITORING DAN PENDAMPINGAN INTEGRASI SIASN', 'Integrasi', 'integrasi', NULL, NULL, 1, '2025-07-02 10:54:32', '2025-07-03 01:05:15'),
	(2, '246df087-56f8-11f0-97c0-7a9bb8bed928', NULL, NULL, 4, 'PENINGKATAN KUALITAS DATA', 'Peremajaan', 'peremajaan', NULL, NULL, 1, '2025-07-02 10:54:32', '2025-07-03 01:05:18'),
	(3, '2470d841-56f8-11f0-97c0-7a9bb8bed928', NULL, NULL, 4, 'PENYAJIAN DATA STATISTIK ASN', 'Statistik', 'statistik', NULL, NULL, 1, '2025-07-02 10:54:33', '2025-07-03 01:05:23'),
	(4, '24732e07-56f8-11f0-97c0-7a9bb8bed928', NULL, NULL, 4, 'KATALOGISASI TAKAH KEPEGAWAIAN', 'Katalogisasi', 'katalog', NULL, NULL, 1, '2025-07-02 10:54:34', '2025-07-03 01:05:26'),
	(5, '24750ce9-56f8-11f0-97c0-7a9bb8bed928', NULL, NULL, 4, 'ALIH MEDIA', 'Alih Media', 'alihmedia', NULL, NULL, 1, '2025-07-02 10:54:35', '2025-07-03 01:05:31'),
	(6, '247682de-56f8-11f0-97c0-7a9bb8bed928', NULL, NULL, 4, 'MENGELOLA ARSIP DINAMIS', 'Arsip Dinamis', 'arsipdinamis', NULL, NULL, 1, '2025-07-02 10:54:35', '2025-07-03 01:06:05'),
	(7, '2477d6fe-56f8-11f0-97c0-7a9bb8bed928', NULL, NULL, 4, 'DIGITALISASI ARSIP KEPEGAWAIAN', 'Arsip Digital', 'arsipdigital', NULL, NULL, 1, '2025-07-02 10:54:36', '2025-07-03 01:05:42'),
	(8, '2479db94-56f8-11f0-97c0-7a9bb8bed928', NULL, NULL, 3, 'APPROVAL KENAIKAN PANGKAT', 'Approval KP', 'kp', NULL, NULL, 1, '2025-07-02 10:54:36', '2025-07-03 01:05:44'),
	(9, '247bf622-56f8-11f0-97c0-7a9bb8bed928', NULL, NULL, 3, 'APPROVAL PENCANTUMAN GELAR', 'Approval PG', 'pg', NULL, NULL, 1, '2025-07-02 10:54:37', '2025-07-03 01:05:46'),
	(10, '247db43d-56f8-11f0-97c0-7a9bb8bed928', NULL, NULL, 3, 'APPROVAL PINDAH INSTANSI', 'Approval PI', 'pi', NULL, NULL, 1, '2025-07-02 10:54:38', '2025-07-03 01:05:48');
/*!40000 ALTER TABLE `data_layanan` ENABLE KEYS */;

-- Dumping structure for table mojang.data_member
CREATE TABLE IF NOT EXISTS `data_member` (
  `id` int(11) NOT NULL AUTO_INCREMENT,
  `uid` varchar(100) DEFAULT uuid(),
  `nip` varchar(50) DEFAULT NULL,
  `nama` varchar(50) DEFAULT NULL,
  `unit_id` int(11) DEFAULT NULL,
  `gender` varchar(30) DEFAULT NULL,
  `menikah` varchar(18) DEFAULT NULL,
  `agama` varchar(18) DEFAULT NULL,
  `pendidikan` varchar(30) DEFAULT NULL,
  `gol` varchar(30) DEFAULT NULL,
  `pangkat` varchar(30) DEFAULT NULL,
  `tmt_gol` date DEFAULT NULL,
  `tgl_lahir` date DEFAULT NULL,
  `jabatan` varchar(100) DEFAULT NULL,
  `jenis_jabatan` varchar(50) DEFAULT NULL,
  `phone` varchar(50) DEFAULT NULL,
  `email` varchar(50) DEFAULT NULL,
  `is_status` int(11) DEFAULT 1,
  `create_by` int(11) DEFAULT NULL,
  `created_at` timestamp NULL DEFAULT current_timestamp(),
  `updated_at` timestamp NULL DEFAULT current_timestamp() ON UPDATE current_timestamp(),
  PRIMARY KEY (`id`)
) ENGINE=InnoDB AUTO_INCREMENT=216 DEFAULT CHARSET=utf8mb4 COLLATE=utf8mb4_unicode_520_ci;

-- Dumping data for table mojang.data_member: ~141 rows (approximately)
/*!40000 ALTER TABLE `data_member` DISABLE KEYS */;
INSERT INTO `data_member` (`id`, `uid`, `nip`, `nama`, `unit_id`, `gender`, `menikah`, `agama`, `pendidikan`, `gol`, `pangkat`, `tmt_gol`, `tgl_lahir`, `jabatan`, `jenis_jabatan`, `phone`, `email`, `is_status`, `create_by`, `created_at`, `updated_at`) VALUES
	(1, 'dc36916e-4696-11f0-bbac-58549e1eb947', '197005131991031001', 'WAHYU, S.Kom., M.A.P.', 1, 'Pria', 'Menikah', 'Islam', 'S-2', 'IV/d', 'Pembina Utama Madya', '2025-04-01', '1970-05-13', 'Kepala Kantor Regional III BKN Bandung', 'JPT', NULL, NULL, 1, NULL, '2025-06-11 14:38:27', '2025-06-11 14:42:46'),
	(2, 'dc3692b9-4696-11f0-bbac-58549e1eb947', '198511082008011001', 'DELPA NOPRI KASMI, S.H., M.Si.', 2, 'Pria', 'Menikah', 'Islam', 'S-2', 'IV/a', 'Pembina', '2022-04-01', '1985-11-08', 'Kepala Bagian Tata Usaha', 'Administrator', NULL, NULL, 1, NULL, '2025-06-11 14:38:27', '2025-06-11 14:42:46'),
	(3, 'dc3693a7-4696-11f0-bbac-58549e1eb947', '197411061999022001', 'RIANTY NOVIASARI, S.Kom.', 3, 'Wanita', 'Menikah', 'Islam', 'S-1/Sarjana', 'IV/a', 'Pembina', '2024-06-01', '1974-11-06', 'Kepala Bidang Mutasi dan Status Kepegawaian', 'Administrator', NULL, NULL, 1, NULL, '2025-06-11 14:38:27', '2025-06-11 14:42:46'),
	(4, 'dc369409-4696-11f0-bbac-58549e1eb947', '197812241998032001', 'DWI SUNDARI, S.Sos.', 6, 'Wanita', 'Menikah', 'Islam', 'S-1/Sarjana', 'IV/a', 'Pembina', '2024-06-01', '1978-12-24', 'Kepala Bidang Pengangkatan dan Pensiun', 'Administrator', NULL, NULL, 1, NULL, '2025-06-11 14:38:27', '2025-06-11 14:42:46'),
	(5, 'dc369458-4696-11f0-bbac-58549e1eb947', '197408101998031001', 'JUWARDI, S.Sos., M.A.P.', 4, 'Pria', 'Menikah', 'Kristen', 'S-2', 'IV/a', 'Pembina', '2021-10-01', '1974-08-10', 'Kepala Bidang Informasi Kepegawaian', 'Administrator', NULL, NULL, 1, NULL, '2025-06-11 14:38:27', '2025-06-11 14:42:46'),
	(6, 'dc3694a7-4696-11f0-bbac-58549e1eb947', '197511231999022001', 'LIA ROSALINA, S.Sos., M.A.P.', 5, 'Wanita', 'Menikah', 'Islam', 'S-2', 'IV/b', 'Pembina TK. I', '2023-10-01', '1975-11-23', 'Kepala Bidang Pengembangan dan Supervisi Kepegawaian', 'Administrator', NULL, NULL, 1, NULL, '2025-06-11 14:38:27', '2025-06-11 14:42:46'),
	(7, 'dc3694f4-4696-11f0-bbac-58549e1eb947', '197705062009121001', 'HERDIN SAGALA, S.Sos., M.Si.', 2, 'Pria', 'Menikah', 'Kristen', 'S-2', 'IV/a', 'Pembina', '2024-10-01', '1977-05-06', 'Analis Sumber Daya Manusia Aparatur Ahli Madya', 'JFT', NULL, NULL, 1, NULL, '2025-06-11 14:38:27', '2025-06-11 14:42:46'),
	(8, 'dc36953e-4696-11f0-bbac-58549e1eb947', '197104101991032001', 'ARIES APRIANY, S.Sos.', 3, 'Pria', 'Menikah', 'Islam', 'S-1/Sarjana', 'IV/a', 'Pembina', '2024-10-01', '1971-04-10', 'Analis Sumber Daya Manusia Aparatur Ahli Madya', 'JFT', NULL, NULL, 1, NULL, '2025-06-11 14:38:27', '2025-06-11 14:42:46'),
	(9, 'dc36958f-4696-11f0-bbac-58549e1eb947', '198406132010121001', 'BINA DANNY RAMDHAN GANI, SE., M.H.', 5, 'Pria', 'Menikah', 'Islam', 'S-2', 'IV/a', 'Pembina', '2024-10-01', '1984-06-13', 'Auditor Manajemen Aparatur Sipil Negara Ahli Madya', 'JFT', NULL, NULL, 1, NULL, '2025-06-11 14:38:27', '2025-06-11 14:42:46'),
	(10, 'dc3695d9-4696-11f0-bbac-58549e1eb947', '197202241992032001', 'ENUNG NURDJANAH, S.Sos., M.A.P.', 3, 'Wanita', 'Menikah', 'Islam', 'S-2', 'IV/a', 'Pembina', '2017-04-01', '1972-02-24', 'Analis Sumber Daya Manusia Aparatur Ahli Madya', 'JFT', NULL, NULL, 1, NULL, '2025-06-11 14:38:27', '2025-06-11 14:42:46'),
	(11, 'dc369621-4696-11f0-bbac-58549e1eb947', '197407241999021001', 'FACHRURRUZI, S.T.', 6, 'Pria', 'Menikah', 'Islam', 'S-1/Sarjana', 'IV/a', 'Pembina', '2024-12-01', '1974-07-24', 'Analis Sumber Daya Manusia Aparatur Ahli Madya', 'JFT', NULL, NULL, 1, NULL, '2025-06-11 14:38:27', '2025-06-11 14:42:46'),
	(12, 'dc369669-4696-11f0-bbac-58549e1eb947', '197012051992032001', 'DININGSIH KOMALASARI, S.Sos.', 5, 'Wanita', 'Cerai', 'Islam', 'S-1/Sarjana', 'IV/a', 'Pembina', '2024-12-01', '1970-12-05', 'Auditor Manajemen Aparatur Sipil Negara Ahli Madya', 'JFT', NULL, NULL, 1, NULL, '2025-06-11 14:38:27', '2025-06-11 14:42:46'),
	(13, 'dc3696b1-4696-11f0-bbac-58549e1eb947', '197108221998032001', 'ROSTINA ROTUA AGUSTINA SINAGA, S.H.', 3, 'Wanita', 'Menikah', 'Kristen', 'S-1/Sarjana', 'IV/a', 'Pembina', '2025-04-01', '1971-08-22', 'Analis Sumber Daya Manusia Aparatur Ahli Madya', 'JFT', NULL, NULL, 1, NULL, '2025-06-11 14:38:27', '2025-06-11 14:42:46'),
	(14, 'dc3696f9-4696-11f0-bbac-58549e1eb947', '197302191998032001', 'EMMI HARMONI AMBARITA, S.Sos.', 6, 'Wanita', 'Menikah', 'Kristen', 'S-1/Sarjana', 'IV/a', 'Pembina', '2025-04-01', '1973-02-19', 'Analis Sumber Daya Manusia Aparatur Ahli Madya', 'JFT', NULL, NULL, 1, NULL, '2025-06-11 14:38:27', '2025-06-11 14:42:46'),
	(15, 'dc36973f-4696-11f0-bbac-58549e1eb947', '197308181998031001', 'AGUS ZAINI, S.Sos.', 2, 'Pria', 'Menikah', 'Islam', 'S-1/Sarjana', 'III/d', 'Penata TK. I', '2023-04-01', '1973-08-18', 'Kepala Subbagian Perencanaan dan Keuangan', 'Pengawas', NULL, NULL, 1, NULL, '2025-06-11 14:38:27', '2025-06-11 14:42:46'),
	(16, 'dc369788-4696-11f0-bbac-58549e1eb947', '197011151991032001', 'SRI SUPRIYATININGSIH', 2, 'Wanita', 'Menikah', 'Islam', 'SLTA', 'III/b', 'Penata Muda TK. I', '2011-04-01', '1970-11-15', 'Pranata Keuangan APBN Terampil', 'JFT', NULL, NULL, 1, NULL, '2025-06-11 14:38:27', '2025-06-11 14:42:46'),
	(17, 'dc3697d3-4696-11f0-bbac-58549e1eb947', '197609191998032001', 'SRI RATNA SAFITRI', 2, 'Wanita', 'Belum Kawin', 'Islam', 'SLTA', 'III/b', 'Penata Muda TK. I', '2018-04-01', '1976-09-19', 'Pranata Keuangan APBN Terampil', 'JFT', NULL, NULL, 1, NULL, '2025-06-11 14:38:27', '2025-06-11 14:42:46'),
	(18, 'dc36981b-4696-11f0-bbac-58549e1eb947', '198105152015031001', 'HENDI JUHENDI, S.E.', 2, 'Pria', 'Menikah', 'Islam', 'S-1/Sarjana', 'III/c', 'Penata', '2023-04-01', '1981-05-15', 'Analis Perencanaan', 'JFU', NULL, NULL, 1, NULL, '2025-06-11 14:38:27', '2025-06-11 14:42:46'),
	(19, 'dc369866-4696-11f0-bbac-58549e1eb947', '199812292022032009', 'SARAH SOPHIA ROMDONI, S.M.', 2, 'Wanita', 'Menikah', 'Islam', 'S-1/Sarjana', 'III/a', 'Penata Muda', '2022-03-01', '1998-12-29', 'Analis Sumber Daya Manusia Aparatur Ahli Pertama', 'JFT', NULL, NULL, 1, NULL, '2025-06-11 14:38:27', '2025-06-11 14:42:46'),
	(20, 'dc3698ae-4696-11f0-bbac-58549e1eb947', '200003132022022001', 'BRITYA INTAR LUVILLA, A.Md.Kb.N.', 2, 'Wanita', 'Belum Kawin', 'Islam', 'Diploma III/ Sarjana Muda', 'II/c', 'Pengatur', '2022-02-01', '2000-03-13', 'Pengelola Keuangan', 'JFU', NULL, NULL, 1, NULL, '2025-06-11 14:38:27', '2025-06-11 14:42:46'),
	(21, 'dc3698fb-4696-11f0-bbac-58549e1eb947', '198410182024211003', 'DIAR OKTORA FADELLA, A.Md.', 2, 'Pria', 'Menikah', 'Islam', 'Diploma III/ Sarjana Muda', 'VII', '', '2024-04-01', '1984-10-18', 'Pranata Sumber Daya Manusia Aparatur Terampil', 'JFT', NULL, NULL, 1, NULL, '2025-06-11 14:38:27', '2025-06-11 14:42:46'),
	(22, 'dc369942-4696-11f0-bbac-58549e1eb947', '199010312024212016', 'FANI OKTAVIANI, S.M.', 2, 'Wanita', 'Menikah', 'Islam', 'S-1/Sarjana', 'IX', '', '2024-04-01', '1990-10-31', 'Analis Sumber Daya Manusia Aparatur Ahli Pertama', 'JFT', NULL, NULL, 1, NULL, '2025-06-11 14:38:27', '2025-06-11 14:42:46'),
	(23, 'dc369989-4696-11f0-bbac-58549e1eb947', '199007152015032003', 'DEWI ANGGRAENI, S.T.', 2, 'Wanita', 'Menikah', 'Islam', 'S-1/Sarjana', 'III/c', 'Penata', '2024-10-01', '1990-07-15', 'Kepala Subbagian Kepegawaian dan Pengelolaan Kinerja', 'Pengawas', NULL, NULL, 1, NULL, '2025-06-11 14:38:27', '2025-06-11 14:42:46'),
	(24, 'dc3699d2-4696-11f0-bbac-58549e1eb947', '198601242009122001', 'RISCA METANIFA, S.Si.', 2, 'Wanita', 'Menikah', 'Islam', 'S-1/Sarjana', 'III/c', 'Penata', '2021-10-01', '1986-01-24', 'Pelaksana (Tugas Belajar)', 'JFU', NULL, NULL, 1, NULL, '2025-06-11 14:38:27', '2025-06-11 14:42:46'),
	(25, 'dc369a1c-4696-11f0-bbac-58549e1eb947', '196901221992032001', 'RADEN RORO SUSI JANUARIANTI', 2, 'Wanita', 'Belum Kawin', 'Islam', 'SLTA', 'III/d', 'Penata TK. I', '2019-04-01', '1969-01-22', 'Pranata Sumber Daya Manusia Aparatur Penyelia', 'JFT', NULL, NULL, 1, NULL, '2025-06-11 14:38:27', '2025-06-11 14:42:46'),
	(26, 'dc369a62-4696-11f0-bbac-58549e1eb947', '197911282002121001', 'AAN AMSYARI, S.Sos.', 2, 'Pria', 'Menikah', 'Islam', 'S-1/Sarjana', 'III/c', 'Penata', '2025-02-01', '1979-11-28', 'Analis Sumber Daya Manusia Aparatur Ahli Pertama', 'JFT', NULL, NULL, 1, NULL, '2025-06-11 14:38:27', '2025-06-12 16:10:14'),
	(27, 'dc369aaa-4696-11f0-bbac-58549e1eb947', '199710242024212025', 'FINGKAN SAFURA FAATHINI, A.Md.Par.', 2, 'Wanita', 'Menikah', 'Islam', 'Diploma III/ Sarjana Muda', 'VII', '', '2024-04-01', '1997-10-24', 'Arsiparis Terampil', 'JFT', NULL, NULL, 1, NULL, '2025-06-11 14:38:27', '2025-06-11 14:42:46'),
	(28, 'dc369af1-4696-11f0-bbac-58549e1eb947', '199510242024212021', 'SELFIA OCTAVIANIE, A.Md.', 2, 'Wanita', 'Menikah', 'Islam', 'Diploma III/ Sarjana Muda', 'VII', '', '2024-04-01', '1995-10-24', 'Arsiparis Terampil', 'JFT', NULL, NULL, 1, NULL, '2025-06-11 14:38:27', '2025-06-11 14:42:46'),
	(29, 'dc369b3a-4696-11f0-bbac-58549e1eb947', '196912172002121001', 'SUPRIYADI, S.A.P., M.A.P.', 2, 'Pria', 'Menikah', 'Islam', 'S-2', 'III/d', 'Penata TK. I', '2021-10-01', '1969-12-17', 'Kepala Subbagian Umum', 'Pengawas', NULL, NULL, 1, NULL, '2025-06-11 14:38:27', '2025-06-11 14:42:46'),
	(30, 'dc369b83-4696-11f0-bbac-58549e1eb947', '199612232019022003', 'TASYA ELIANI SUPIT, S.Sos.', 2, 'Wanita', 'Menikah', 'Islam', 'S-1/Sarjana', 'III/b', 'Penata Muda TK. I', '2024-10-01', '1996-12-23', 'Pranata Hubungan Masyarakat Ahli Pertama', 'JFT', NULL, NULL, 1, NULL, '2025-06-11 14:38:27', '2025-06-11 14:42:46'),
	(31, 'dc369bc9-4696-11f0-bbac-58549e1eb947', '197507062006041004', 'DICKY JULIASMAN, S.S.T.', 2, 'Pria', 'Menikah', 'Islam', 'S-1/Sarjana', 'III/d', 'Penata TK. I', '2025-04-01', '1975-07-06', 'Pengelola Kendaraan', 'JFU', NULL, NULL, 1, NULL, '2025-06-11 14:38:27', '2025-06-11 14:42:46'),
	(32, 'dc369c10-4696-11f0-bbac-58549e1eb947', '196908061992032001', 'INA INDARTI', 2, 'Wanita', 'Menikah', 'Islam', 'SLTA', 'III/b', 'Penata Muda TK. I', '2012-04-01', '1969-08-06', 'Pengadministrasi Kepegawaian', 'JFU', NULL, NULL, 1, NULL, '2025-06-11 14:38:27', '2025-06-11 14:42:46'),
	(33, 'dc369c59-4696-11f0-bbac-58549e1eb947', '198008312014021002', 'BILLY PRIMA PESONA, A.Md.', 2, 'Pria', 'Menikah', 'Islam', 'Diploma III/ Sarjana Muda', 'III/a', 'Penata Muda', '2022-10-01', '1980-08-31', 'Pengelola Barang Milik Negara', 'JFU', NULL, NULL, 1, NULL, '2025-06-11 14:38:27', '2025-06-11 14:42:46'),
	(34, 'dc369ca0-4696-11f0-bbac-58549e1eb947', '197811182009121001', 'AHMAD MUNAWAR CHOLIL, S.Kep.', 2, 'Pria', 'Menikah', 'Islam', 'S-1/Sarjana', 'III/a', 'Penata Muda', '2023-10-01', '1978-11-18', 'Pengadministrasi Umum', 'JFU', NULL, NULL, 1, NULL, '2025-06-11 14:38:27', '2025-06-11 14:42:46'),
	(35, 'dc369ce7-4696-11f0-bbac-58549e1eb947', '199110102022031004', 'AVIANTO PRIDAYUTAMA, S.M.', 2, 'Pria', 'Belum Kawin', 'Islam', 'S-1/Sarjana', 'III/a', 'Penata Muda', '2022-03-01', '1991-10-10', 'Analis Sumber Daya Manusia Aparatur Ahli Pertama', 'JFT', NULL, NULL, 1, NULL, '2025-06-11 14:38:27', '2025-06-11 14:42:46'),
	(36, 'dc369d2c-4696-11f0-bbac-58549e1eb947', '199401112023212026', 'MUTI AMALIA GUNAWAN, A.Md.', 2, 'Wanita', 'Menikah', 'Islam', 'Diploma III/ Sarjana Muda', 'VII', '', '2023-08-01', '1994-01-11', 'Arsiparis Terampil', 'JFT', NULL, NULL, 1, NULL, '2025-06-11 14:38:27', '2025-06-11 14:42:46'),
	(37, 'dc369d73-4696-11f0-bbac-58549e1eb947', '199610102024211018', 'REGY PRATAMA, S.AP.', 2, 'Pria', 'Menikah', 'Islam', 'S-1/Sarjana', 'IX', '', '2024-04-01', '1996-10-10', 'Analis Sumber Daya Manusia Aparatur Ahli Pertama', 'JFT', NULL, NULL, 1, NULL, '2025-06-11 14:38:27', '2025-06-11 14:42:46'),
	(38, 'dc369dba-4696-11f0-bbac-58549e1eb947', '199303092024212031 ', 'RENI RIZKY RAMDIANI, A.Md.', 2, 'Wanita', 'Belum Kawin', 'Islam', 'Diploma III/ Sarjana Muda', 'VII', '', '2024-04-01', '1993-03-09', 'Arsiparis Terampil', 'JFT', NULL, NULL, 1, NULL, '2025-06-11 14:38:27', '2025-06-11 14:42:46'),
	(39, 'dc369e00-4696-11f0-bbac-58549e1eb947', '196805011991031001', 'GATOT SOENOTO, S.A.P.', 3, 'Pria', 'Menikah', 'Islam', 'S-1/Sarjana', 'III/d', 'Penata TK. I', '2017-10-01', '1968-05-01', 'Analis Sumber Daya Manusia Aparatur Ahli Muda', 'JFT', NULL, NULL, 1, NULL, '2025-06-11 14:38:27', '2025-06-11 14:42:46'),
	(40, 'dc369e45-4696-11f0-bbac-58549e1eb947', '196807082002121001', 'IWAN SOPANDI, S.A.P.', 3, 'Pria', 'Menikah', 'Islam', 'S-1/Sarjana', 'III/d', 'Penata TK. I', '2020-10-01', '1968-07-08', 'Analis Sumber Daya Manusia Aparatur Ahli Muda', 'JFT', NULL, NULL, 1, NULL, '2025-06-11 14:38:27', '2025-06-11 14:42:46'),
	(41, 'dc369e9f-4696-11f0-bbac-58549e1eb947', '197909112008011012', 'AYI TATANG KUSNADI, S.T.', 3, 'Pria', 'Menikah', 'Islam', 'S-1/Sarjana', 'III/d', 'Penata TK. I', '2023-04-01', '1979-09-11', 'Analis Sumber Daya Manusia Aparatur Ahli Muda', 'JFT', NULL, NULL, 1, NULL, '2025-06-11 14:38:27', '2025-06-11 14:42:46'),
	(42, 'dc369ee8-4696-11f0-bbac-58549e1eb947', '197601251998032001', 'TIN PONTINI', 3, 'Wanita', 'Janda / Duda', 'Islam', 'Diploma III/ Sarjana Muda', 'III/d', 'Penata TK. I', '2023-04-01', '1976-01-25', 'Pranata Sumber Daya Manusia Aparatur Penyelia', 'JFT', NULL, NULL, 1, NULL, '2025-06-11 14:38:27', '2025-06-11 14:42:46'),
	(43, 'dc369f2e-4696-11f0-bbac-58549e1eb947', '196902181992032001', 'ERNA SAMSIAR', 3, 'Wanita', 'Menikah', 'Islam', 'SLTA', 'III/d', 'Penata TK. I', '2023-04-01', '1969-02-18', 'Pranata Sumber Daya Manusia Aparatur Penyelia', 'JFT', NULL, NULL, 1, NULL, '2025-06-11 14:38:27', '2025-06-11 14:42:46'),
	(44, 'dc369f75-4696-11f0-bbac-58549e1eb947', '197006121998032001', 'DADAN YULIANI', 3, 'Wanita', 'Menikah', 'Islam', 'SLTA', 'III/d', 'Penata TK. I', '2023-10-01', '1970-06-12', 'Pranata Sumber Daya Manusia Aparatur Penyelia', 'JFT', NULL, NULL, 1, NULL, '2025-06-11 14:38:27', '2025-06-11 14:42:46'),
	(45, 'dc369fbb-4696-11f0-bbac-58549e1eb947', '197108031991031001', 'AGUS PRAYITNO', 3, 'Pria', 'Menikah', 'Islam', 'SLTA', 'III/d', 'Penata TK. I', '2019-04-01', '1971-08-03', 'Pranata Sumber Daya Manusia Aparatur Penyelia', 'JFT', NULL, NULL, 1, NULL, '2025-06-11 14:38:27', '2025-06-11 14:42:46'),
	(46, 'dc36a001-4696-11f0-bbac-58549e1eb947', '199006082014022007', 'RIZKY RELLAGIA, S.Kom.', 3, 'Wanita', 'Menikah', 'Islam', 'S-1/Sarjana', 'III/b', 'Penata Muda TK. I', '2023-10-01', '1990-06-08', 'Analis Sumber Daya Manusia Aparatur Ahli Pertama', 'JFT', NULL, NULL, 1, NULL, '2025-06-11 14:38:27', '2025-06-11 14:42:46'),
	(47, 'dc36a048-4696-11f0-bbac-58549e1eb947', '196805141991032001', 'SRI MULYA', 3, 'Wanita', 'Menikah', 'Islam', 'SLTA', 'III/b', 'Penata Muda TK. I', '2011-04-01', '1968-05-14', 'Pranata Sumber Daya Manusia Aparatur Mahir', 'JFT', NULL, NULL, 1, NULL, '2025-06-11 14:38:27', '2025-06-11 14:42:46'),
	(48, 'dc36a08d-4696-11f0-bbac-58549e1eb947', '197102152000031001', 'SUNTARA', 3, 'Pria', 'Menikah', 'Islam', 'SLTA', 'III/b', 'Penata Muda TK. I', '2020-04-01', '1971-02-15', 'Pranata Sumber Daya Manusia Aparatur Mahir', 'JFT', NULL, NULL, 1, NULL, '2025-06-11 14:38:27', '2025-06-11 14:42:46'),
	(49, 'dc36a0d6-4696-11f0-bbac-58549e1eb947', '198208022015032004', 'RIKA KARTIKA, A.Md.', 3, 'Wanita', 'Menikah', 'Islam', 'Diploma III/ Sarjana Muda', 'III/a', 'Penata Muda', '2023-10-01', '1982-08-02', 'Pranata Sumber Daya Manusia Aparatur Mahir', 'JFT', NULL, NULL, 1, NULL, '2025-06-11 14:38:27', '2025-06-11 14:42:46'),
	(50, 'dc36a11c-4696-11f0-bbac-58549e1eb947', '197403241995112001', 'UMIYATI', 3, 'Wanita', 'Menikah', 'Islam', 'SLTA', 'III/b', 'Penata Muda TK. I', '2016-04-01', '1974-03-24', 'Pengadministrasi Kepegawaian', 'JFU', NULL, NULL, 1, NULL, '2025-06-11 14:38:27', '2025-06-11 14:42:46'),
	(51, 'dc36a162-4696-11f0-bbac-58549e1eb947', '197601282002121001', 'RUDIANA', 3, 'Pria', 'Menikah', 'Islam', 'SLTA', 'III/b', 'Penata Muda TK. I', '2023-04-01', '1976-01-28', 'Pengelola Data', 'JFU', NULL, NULL, 1, NULL, '2025-06-11 14:38:27', '2025-06-11 14:42:46'),
	(52, 'dc36a1a9-4696-11f0-bbac-58549e1eb947', '196808022000121001', 'JAENAL LUKMAN', 3, 'Pria', 'Menikah', 'Islam', 'SLTA', 'II/d', 'Pengatur TK. I', '2024-10-01', '1968-08-02', 'Pengadministrasi Kepegawaian', 'JFU', NULL, NULL, 1, NULL, '2025-06-11 14:38:27', '2025-06-11 14:42:46'),
	(53, 'dc36a1f2-4696-11f0-bbac-58549e1eb947', '197604252000121001', 'AGUS SETIAWAN, S.Sos.', 3, 'Pria', 'Menikah', 'Islam', 'S-1/Sarjana', 'III/b', 'Penata Muda TK. I', '2021-04-01', '1976-04-25', 'Analis Sumber Daya Manusia Aparatur Ahli Pertama', 'JFT', NULL, NULL, 1, NULL, '2025-06-11 14:38:27', '2025-06-11 14:42:46'),
	(54, 'dc36a237-4696-11f0-bbac-58549e1eb947', '197011111991031001', 'ACHMAD FAHROJI', 3, 'Pria', 'Menikah', 'Islam', 'SLTA', 'III/d', 'Penata TK. I', '2023-04-01', '1970-11-11', 'Pranata Sumber Daya Manusia Aparatur Penyelia', 'JFT', NULL, NULL, 1, NULL, '2025-06-11 14:38:27', '2025-06-11 14:42:46'),
	(55, 'dc36a27d-4696-11f0-bbac-58549e1eb947', '199407022024212020', 'CAROLINA MAHA DEWI, A.Md.Kom.', 3, 'Wanita', 'Menikah', 'Islam', 'Diploma III/ Sarjana Muda', 'VII', '', '2024-04-01', '1994-07-02', 'Pranata Sumber Daya Manusia Aparatur Terampil', 'JFT', NULL, NULL, 1, NULL, '2025-06-11 14:38:27', '2025-06-11 14:42:46'),
	(56, 'dc36a2c3-4696-11f0-bbac-58549e1eb947', '199302182024211006', 'MUHAMAD FERI PERMANA, A.Md.', 3, 'Pria', 'Menikah', 'Islam', 'Diploma III/ Sarjana Muda', 'VII', '', '2024-04-01', '1993-02-18', 'Pranata Sumber Daya Manusia Aparatur Terampil', 'JFT', NULL, NULL, 1, NULL, '2025-06-11 14:38:27', '2025-06-11 14:42:46'),
	(57, 'dc36a30a-4696-11f0-bbac-58549e1eb947', '199109222024212022', 'RENI MARLIANA, A. Md.', 3, 'Wanita', 'Menikah', 'Islam', 'Diploma III/ Sarjana Muda', 'VII', '', '2024-04-01', '1991-09-22', 'Arsiparis Terampil', 'JFT', NULL, NULL, 1, NULL, '2025-06-11 14:38:27', '2025-06-11 14:42:46'),
	(58, 'dc36a352-4696-11f0-bbac-58549e1eb947', '197210051998032001', 'YUYUN YUHANA, S.A.P.', 6, 'Wanita', 'Menikah', 'Islam', 'S-1/Sarjana', 'III/d', 'Penata TK. I', '2023-10-01', '1972-10-05', 'Analis Sumber Daya Manusia Aparatur Ahli Muda', 'JFT', NULL, NULL, 1, NULL, '2025-06-11 14:38:27', '2025-06-11 14:42:46'),
	(59, 'dc36a397-4696-11f0-bbac-58549e1eb947', '197409251998032001', 'N.R. TENTI SUCIATI, S.Sos.', 6, 'Wanita', 'Menikah', 'Islam', 'S-1/Sarjana', 'III/d', 'Penata TK. I', '2018-04-01', '1974-09-25', 'Analis Sumber Daya Manusia Aparatur Ahli Muda', 'JFT', NULL, NULL, 1, NULL, '2025-06-11 14:38:27', '2025-06-11 14:42:46'),
	(60, 'dc36a3dd-4696-11f0-bbac-58549e1eb947', '196909241991032001', 'ERNA ARYANI', 6, 'Wanita', 'Menikah', 'Islam', 'SLTA', 'III/d', 'Penata TK. I', '2017-04-01', '1969-09-24', 'Pranata Sumber Daya Manusia Aparatur Penyelia', 'JFT', NULL, NULL, 1, NULL, '2025-06-11 14:38:27', '2025-06-11 14:42:46'),
	(61, 'dc36a424-4696-11f0-bbac-58549e1eb947', '197412072002121001', 'DODI PURNAMA, S.Sos.', 6, 'Pria', 'Menikah', 'Islam', 'S-1/Sarjana', 'III/d', 'Penata TK. I', '2025-04-01', '1974-12-07', 'Analis Sumber Daya Manusia Aparatur Ahli Muda', 'JFT', NULL, NULL, 1, NULL, '2025-06-11 14:38:27', '2025-06-11 14:42:46'),
	(62, 'dc36a468-4696-11f0-bbac-58549e1eb947', '197810202008121001', 'SONY BUDI ASMARA, S.IP.', 6, 'Pria', 'Menikah', 'Islam', 'S-1/Sarjana', 'III/d', 'Penata TK. I', '2024-06-01', '1978-10-20', 'Analis Sumber Daya Manusia Aparatur Ahli Muda', 'JFT', NULL, NULL, 1, NULL, '2025-06-11 14:38:27', '2025-06-11 14:42:46'),
	(63, 'dc36a4ad-4696-11f0-bbac-58549e1eb947', '198910242015031001', 'SIGIT PRASTOMO, S.Pd.', 6, 'Pria', 'Menikah', 'Islam', 'S-1/Sarjana', 'III/c', 'Penata', '2024-10-01', '1989-10-24', 'Analis Sumber Daya Manusia Aparatur Ahli Muda', 'JFT', NULL, NULL, 1, NULL, '2025-06-11 14:38:27', '2025-06-11 14:42:46'),
	(64, 'dc36a4f2-4696-11f0-bbac-58549e1eb947', '197004141992032001', 'SRI HAYATI', 6, 'Wanita', 'Menikah', 'Islam', 'SLTA', 'III/b', 'Penata Muda TK. I', '2012-04-01', '1970-04-14', 'Pranata Sumber Daya Manusia Aparatur Mahir', 'JFT', NULL, NULL, 1, NULL, '2025-06-11 14:38:27', '2025-06-11 14:42:46'),
	(65, 'dc36a53a-4696-11f0-bbac-58549e1eb947', '197208201994032001', 'SUPARTI', 6, 'Wanita', 'Janda / Duda', 'Islam', 'SLTA', 'III/b', 'Penata Muda TK. I', '2014-10-01', '1972-08-20', 'Pranata Sumber Daya Manusia Aparatur Mahir', 'JFT', NULL, NULL, 1, NULL, '2025-06-11 14:38:27', '2025-06-11 14:42:46'),
	(66, 'dc36a580-4696-11f0-bbac-58549e1eb947', '198704302015032002', 'RATNAWATI, A.Md.', 6, 'Wanita', 'Menikah', 'Islam', 'Diploma III/ Sarjana Muda', 'III/a', 'Penata Muda', '2024-12-01', '1987-04-30', 'Pranata Sumber Daya Manusia Aparatur Mahir', 'JFT', NULL, NULL, 1, NULL, '2025-06-11 14:38:27', '2025-06-11 14:42:46'),
	(67, 'dc36a5c6-4696-11f0-bbac-58549e1eb947', '199209192022031003', 'IMADUDDIN MAULUDDIN SUMARNO, S.H.', 6, 'Pria', 'Belum Kawin', 'Islam', 'S-1/Sarjana', 'III/a', 'Penata Muda', '2022-03-01', '1992-09-19', 'Analis Sumber Daya Manusia Aparatur Ahli Pertama', 'JFT', NULL, NULL, 1, NULL, '2025-06-11 14:38:27', '2025-06-11 14:42:46'),
	(68, 'dc36a60c-4696-11f0-bbac-58549e1eb947', '199606042022032005', 'DAYNE PRATIWI, S.A.P.', 6, 'Wanita', 'Menikah', 'Islam', 'S-1/Sarjana', 'III/a', 'Penata Muda', '2022-03-01', '1996-06-04', 'Analis Sumber Daya Manusia Aparatur Ahli Pertama', 'JFT', NULL, NULL, 1, NULL, '2025-06-11 14:38:27', '2025-06-11 14:42:46'),
	(69, 'dc36a653-4696-11f0-bbac-58549e1eb947', '196908261991032001', 'BUDI ASTUTI ANDIWINATA', 6, 'Wanita', 'Menikah', 'Islam', 'SLTA', 'III/c', 'Penata', '2015-10-01', '1969-08-26', 'Pranata Sumber Daya Manusia Aparatur Penyelia', 'JFT', NULL, NULL, 1, NULL, '2025-06-11 14:38:27', '2025-06-11 14:42:46'),
	(70, 'dc393762-4696-11f0-bbac-58549e1eb947', '196904101998031001', 'BOWO SANTOSO SUMARDI', 6, 'Pria', 'Menikah', 'Islam', 'SLTA', 'III/b', 'Penata Muda TK. I', '2017-04-01', '1969-04-10', 'Pengadministrasi Kepegawaian', 'JFU', NULL, NULL, 1, NULL, '2025-06-11 14:38:27', '2025-06-11 14:42:46'),
	(71, 'dc393847-4696-11f0-bbac-58549e1eb947', '196809301991031001', 'ADE SUKMANA', 6, 'Pria', 'Menikah', 'Islam', 'SLTA', 'III/d', 'Penata TK. I', '2019-04-01', '1968-09-30', 'Pranata Sumber Daya Manusia Aparatur Penyelia', 'JFT', NULL, NULL, 1, NULL, '2025-06-11 14:38:27', '2025-06-11 14:42:46'),
	(72, 'dc3938aa-4696-11f0-bbac-58549e1eb947', '196707271991032001', 'TATI RUSMIJATI', 6, 'Wanita', 'Menikah', 'Islam', 'SLTA', 'III/d', 'Penata TK. I', '2017-04-01', '1967-07-27', 'Pranata Sumber Daya Manusia Aparatur Penyelia', 'JFT', NULL, NULL, 1, NULL, '2025-06-11 14:38:27', '2025-06-11 14:42:46'),
	(73, 'dc393903-4696-11f0-bbac-58549e1eb947', '199207272018012003', 'JULIA IKA RATNA PRAMASTUTI, S.Kom.', 6, 'Wanita', 'Menikah', 'Islam', 'S-1/Sarjana', 'III/b', 'Penata Muda TK. I', '2018-01-01', '1992-07-27', 'Analis Sumber Daya Manusia Aparatur Ahli Pertama', 'JFT', NULL, NULL, 1, NULL, '2025-06-11 14:38:27', '2025-06-11 14:42:46'),
	(74, 'dc39395f-4696-11f0-bbac-58549e1eb947', '198907232024211006', 'AZAM JAMALUDIN, A.Md.', 6, 'Pria', 'Menikah', 'Islam', 'Diploma III/ Sarjana Muda', 'VII', '', '2024-04-01', '1989-07-23', 'Pranata Sumber Daya Manusia Aparatur Terampil', 'JFT', NULL, NULL, 1, NULL, '2025-06-11 14:38:27', '2025-06-11 14:42:46'),
	(75, 'dc3939b9-4696-11f0-bbac-58549e1eb947', '199912182024212014', 'FIKA PERMATASARI, A.Md.MSDM.', 6, 'Wanita', 'Belum Kawin', 'Islam', 'Diploma III/ Sarjana Muda', 'VII', '', '2024-04-01', '1999-12-18', 'Pranata Sumber Daya Manusia Aparatur Terampil', 'JFT', NULL, NULL, 1, NULL, '2025-06-11 14:38:27', '2025-06-11 14:42:46'),
	(76, 'dc393a0a-4696-11f0-bbac-58549e1eb947', '200003012024212006', 'GAYUH TENTRI, A.Md.', 6, 'Wanita', 'Belum Kawin', 'Islam', 'Diploma III/ Sarjana Muda', 'VII', '', '2024-04-01', '2000-03-01', 'Arsiparis Terampil', 'JFT', NULL, NULL, 1, NULL, '2025-06-11 14:38:27', '2025-06-11 14:42:46'),
	(77, 'dc393a5b-4696-11f0-bbac-58549e1eb947', '196909091991031001', 'SUHENDA', 4, 'Pria', 'Menikah', 'Islam', 'SLTA', 'III/d', 'Penata TK. I', '2020-10-01', '1969-09-09', 'Pranata Sumber Daya Manusia Aparatur Penyelia', 'JFT', NULL, NULL, 1, NULL, '2025-06-11 14:38:27', '2025-06-11 14:42:46'),
	(78, 'dc393aa8-4696-11f0-bbac-58549e1eb947', '197510301995111001', 'AKHMAD JUNAEDI, S.Kom.', 4, 'Pria', 'Menikah', 'Islam', 'S-1/Sarjana', 'III/c', 'Penata', '2019-10-01', '1975-10-30', 'Pranata Komputer Ahli Muda', 'JFT', NULL, NULL, 1, NULL, '2025-06-11 14:38:27', '2025-06-11 14:42:46'),
	(79, 'dc393af1-4696-11f0-bbac-58549e1eb947', '198103122008121001', 'AWALUDDIN, S.Kom.', 4, 'Pria', 'Menikah', 'Islam', 'S-1/Sarjana', 'III/c', 'Penata', '2017-10-01', '1981-03-12', 'Pranata Komputer Ahli Muda', 'JFT', NULL, NULL, 1, NULL, '2025-06-11 14:38:27', '2025-06-11 14:42:46'),
	(80, 'dc393b3d-4696-11f0-bbac-58549e1eb947', '198110012008121002', 'AGUNG AMIARSA RAHAYU, S.T.', 4, 'Pria', 'Menikah', 'Islam', 'S-1/Sarjana', 'III/c', 'Penata', '2017-04-01', '1981-10-01', 'Pranata Komputer Ahli Muda', 'JFT', NULL, NULL, 1, NULL, '2025-06-11 14:38:27', '2025-06-11 14:42:46'),
	(81, 'dc393b89-4696-11f0-bbac-58549e1eb947', '196711061991031001', 'HUMPHREY NOVIANTO, A.Md.', 4, 'Pria', 'Menikah', 'Islam', 'Diploma III/ Sarjana Muda', 'III/d', 'Penata TK. I', '2024-06-01', '1967-11-06', 'Arsiparis Penyelia', 'JFT', NULL, NULL, 1, NULL, '2025-06-11 14:38:27', '2025-06-11 14:42:46'),
	(82, 'dc393bd2-4696-11f0-bbac-58549e1eb947', '199011092022032007', 'NOVA LASTRIANA, S.Kom.', 4, 'Wanita', 'Menikah', 'Islam', 'S-1/Sarjana', 'III/a', 'Penata Muda', '2022-03-01', '1990-11-09', 'Arsiparis Ahli Pertama', 'JFT', NULL, NULL, 1, NULL, '2025-06-11 14:38:27', '2025-06-11 14:42:46'),
	(83, 'dc393c1b-4696-11f0-bbac-58549e1eb947', '199311232019021009', 'MUHAMAD LUTHFI REYZA, S.T.', 4, 'Pria', 'Menikah', 'Islam', 'S-1/Sarjana', 'III/a', 'Penata Muda', '2019-02-01', '1993-11-23', 'Pranata Komputer Ahli Pertama', 'JFT', NULL, NULL, 1, NULL, '2025-06-11 14:38:27', '2025-06-11 14:42:46'),
	(84, 'dc393c69-4696-11f0-bbac-58549e1eb947', '199406092022031004', 'FAUZAN GHIFARI IMRON, S.IP.', 4, 'Pria', 'Menikah', 'Islam', 'S-1/Sarjana', 'III/a', 'Penata Muda', '2022-03-01', '1994-06-09', 'Arsiparis Ahli Pertama', 'JFT', NULL, NULL, 1, NULL, '2025-06-11 14:38:27', '2025-06-11 14:42:46'),
	(85, 'dc393cb3-4696-11f0-bbac-58549e1eb947', '198206082008121003', 'JUNAEDI SIRAIT, A.Md.', 4, 'Pria', 'Menikah', 'Islam', 'Diploma III/ Sarjana Muda', 'III/c', 'Penata', '2025-04-01', '1982-06-08', 'Pengelola Data', 'JFU', NULL, NULL, 1, NULL, '2025-06-11 14:38:27', '2025-06-11 14:42:46'),
	(86, 'dc393cfe-4696-11f0-bbac-58549e1eb947', '197008171991032001', 'AGUSTINA SUSWANTI', 4, 'Wanita', 'Janda / Duda', 'Islam', 'SLTA', 'III/b', 'Penata Muda TK. I', '2011-04-01', '1970-08-17', 'Pengadministrasi Kepegawaian', 'JFU', NULL, NULL, 1, NULL, '2025-06-11 14:38:27', '2025-06-11 14:42:46'),
	(87, 'dc393d4d-4696-11f0-bbac-58549e1eb947', '197010261992031001', 'SUBEKTI RAHAYU', 4, 'Pria', 'Menikah', 'Islam', 'SLTA', 'III/b', 'Penata Muda TK. I', '2012-04-01', '1970-10-26', 'Pengadministrasi Kepegawaian', 'JFU', NULL, NULL, 1, NULL, '2025-06-11 14:38:27', '2025-06-11 14:42:46'),
	(88, 'dc393d97-4696-11f0-bbac-58549e1eb947', '198011202002121001', 'DINDIN NURDIYANA', 4, 'Pria', 'Cerai', 'Islam', 'SLTA', 'III/b', 'Penata Muda TK. I', '2024-06-01', '1980-11-20', 'Pengadministrasi Kepegawaian', 'JFU', NULL, NULL, 1, NULL, '2025-06-11 14:38:27', '2025-06-11 14:42:46'),
	(89, 'dc393ddf-4696-11f0-bbac-58549e1eb947', '198707302008122001', 'WALETTA DINDA MARINA, S.T.', 4, 'Wanita', 'Menikah', 'Islam', 'S-1/Sarjana', 'III/d', 'Penata TK. I', '2020-10-01', '1987-07-30', 'Pranata Komputer Ahli Muda', 'JFT', NULL, NULL, 1, NULL, '2025-06-11 14:38:27', '2025-06-11 14:42:46'),
	(90, 'dc393e28-4696-11f0-bbac-58549e1eb947', '197401101999021001', 'ARMANSYAH MANURUNG, S.T.', 4, 'Pria', 'Menikah', 'Islam', 'S-1/Sarjana', 'III/c', 'Penata', '2013-04-01', '1974-01-10', 'Pranata Komputer Ahli Muda', 'JFT', NULL, NULL, 1, NULL, '2025-06-11 14:38:27', '2025-06-11 14:42:46'),
	(91, 'dc393e73-4696-11f0-bbac-58549e1eb947', '198505122009122001', 'LUH NYOMAN MEITASARI, S.I.Kom., M.A.', 4, 'Wanita', 'Menikah', 'Islam', 'S-2', 'III/d', 'Penata TK. I', '2020-10-01', '1985-05-12', 'Arsiparis Ahli Muda', 'JFT', NULL, NULL, 1, NULL, '2025-06-11 14:38:27', '2025-06-11 14:42:46'),
	(92, 'dc393ebd-4696-11f0-bbac-58549e1eb947', '197809041998031001', 'ROBENKY, S.Sos.', 4, 'Pria', 'Menikah', 'Kristen', 'S-1/Sarjana', 'III/d', 'Penata TK. I', '2024-12-01', '1978-09-04', 'Analis Sumber Daya Manusia Aparatur Ahli Muda', 'JFT', NULL, NULL, 1, NULL, '2025-06-11 14:38:27', '2025-06-11 14:42:46'),
	(93, 'dc393f06-4696-11f0-bbac-58549e1eb947', '199707252024211004 ', 'ALI AL MANSYUR, A.Md.', 4, 'Pria', 'Menikah', 'Islam', 'Diploma III/ Sarjana Muda', 'VII', '', '2024-04-01', '1997-07-25', 'Pranata Komputer Terampil', 'JFT', NULL, NULL, 1, NULL, '2025-06-11 14:38:27', '2025-06-11 14:42:46'),
	(94, 'dc393f4e-4696-11f0-bbac-58549e1eb947', '199606162024212033', 'ASTRI DIAH PRAHASTIWI, A.Md.Keb.', 4, 'Wanita', 'Menikah', 'Islam', 'Diploma III/ Sarjana Muda', 'VII', '', '2024-04-01', '1996-06-16', 'Arsiparis Terampil', 'JFT', NULL, NULL, 1, NULL, '2025-06-11 14:38:27', '2025-06-11 14:42:46'),
	(95, 'dc393f99-4696-11f0-bbac-58549e1eb947', '199509302024212031', 'DINA NURHASANAH, A.Md.', 4, 'Wanita', 'Menikah', 'Islam', 'Diploma III/ Sarjana Muda', 'VII', '', '2024-04-01', '1995-09-30', 'Arsiparis Terampil', 'JFT', NULL, NULL, 1, NULL, '2025-06-11 14:38:27', '2025-06-11 14:42:46'),
	(96, 'dc393fe2-4696-11f0-bbac-58549e1eb947', '199706052024211008', 'HERU MUHAMAD HOERRUDIN, A.Md.Si.', 4, 'Pria', 'Belum Kawin', 'Islam', 'Diploma III/ Sarjana Muda', 'VII', '', '2024-04-01', '1997-06-05', 'Arsiparis Terampil', 'JFT', NULL, NULL, 1, NULL, '2025-06-11 14:38:27', '2025-06-11 14:42:46'),
	(97, 'dc394029-4696-11f0-bbac-58549e1eb947', '199604282024211009 ', 'IQBAL MUHAMMAD FAJAR NURALAM, S.T.', 4, 'Pria', 'Menikah', 'Islam', 'S-1/Sarjana', 'IX', '', '2024-04-01', '1996-04-28', 'Pranata Komputer Ahli Pertama', 'JFT', NULL, NULL, 1, NULL, '2025-06-11 14:38:27', '2025-06-11 14:42:46'),
	(98, 'dc3940ec-4696-11f0-bbac-58549e1eb947', '199612052024211008', 'RIJAL FADILAH, A.Md.Kom.', 4, 'Pria', 'Menikah', 'Islam', 'Diploma III/ Sarjana Muda', 'VII', '', '2024-04-01', '1996-12-05', 'Pranata Komputer Terampil', 'JFT', NULL, NULL, 1, NULL, '2025-06-11 14:38:27', '2025-06-11 14:42:46'),
	(99, 'dc39413f-4696-11f0-bbac-58549e1eb947', '199611112024212038', 'SABRINA ULFIE LUFITA ANDREANI, A.Md.Keb.', 4, 'Wanita', 'Belum Kawin', 'Islam', 'Diploma III/ Sarjana Muda', 'VII', '', '2024-04-01', '1996-11-11', 'Arsiparis Terampil', 'JFT', NULL, NULL, 1, NULL, '2025-06-11 14:38:27', '2025-06-11 14:42:46'),
	(100, 'dc394188-4696-11f0-bbac-58549e1eb947', '198708102024211011', 'SAFITRA KARYALIGA SP, Amd.', 4, 'Pria', 'Menikah', 'Islam', 'Diploma III/ Sarjana Muda', 'VII', '', '2024-04-01', '1987-08-10', 'Pranata Komputer Terampil', 'JFT', NULL, NULL, 1, NULL, '2025-06-11 14:38:27', '2025-06-11 14:42:46'),
	(101, 'dc3941d0-4696-11f0-bbac-58549e1eb947', '199202092024211007', 'YADI KURNIADI, A.Md.T.', 4, 'Pria', 'Menikah', 'Islam', 'Diploma III/ Sarjana Muda', 'VII', '', '2024-04-01', '1992-02-09', 'Pranata Komputer Terampil', 'JFT', NULL, NULL, 1, NULL, '2025-06-11 14:38:27', '2025-06-11 14:42:46'),
	(102, 'dc39421b-4696-11f0-bbac-58549e1eb947', '199506062024212040', 'YANI SRI MULYANTI, A.Md.Ak.', 4, 'Wanita', 'Menikah', 'Islam', 'Diploma III/ Sarjana Muda', 'VII', '', '2024-04-01', '1995-06-06', 'Arsiparis Terampil', 'JFT', NULL, NULL, 1, NULL, '2025-06-11 14:38:27', '2025-06-11 14:42:46'),
	(103, 'dc394264-4696-11f0-bbac-58549e1eb947', '197403101998032001', 'VENNY MARETINIJATI, S.Sos.', 5, 'Wanita', 'Menikah', 'Islam', 'S-1/Sarjana', 'III/d', 'Penata TK. I', '2014-04-01', '1974-03-10', 'Auditor Manajemen Aparatur Sipil Negara Ahli Muda', 'JFT', NULL, NULL, 1, NULL, '2025-06-11 14:38:27', '2025-06-11 14:42:46'),
	(104, 'dc3942ac-4696-11f0-bbac-58549e1eb947', '196808031991032001', 'MARIAM, S.E.', 5, 'Wanita', 'Menikah', 'Islam', 'S-1/Sarjana', 'III/d', 'Penata TK. I', '2024-06-01', '1968-08-03', 'Auditor Manajemen Aparatur Sipil Negara Ahli Muda', 'JFT', NULL, NULL, 1, NULL, '2025-06-11 14:38:27', '2025-06-11 14:42:46'),
	(105, 'dc3a7e8a-4696-11f0-bbac-58549e1eb947', '197409152000032001', 'MUSI KORIWATY, S.Sos.', 5, 'Wanita', 'Menikah', 'Kristen', 'S-1/Sarjana', 'III/c', 'Penata', '2017-04-01', '1974-09-15', 'Auditor Manajemen Aparatur Sipil Negara Ahli Muda', 'JFT', NULL, NULL, 1, NULL, '2025-06-11 14:38:27', '2025-06-11 14:42:46'),
	(106, 'dc3a7f5d-4696-11f0-bbac-58549e1eb947', '198108112015032002', 'NIA YUSTIANA SUMIARSA, S.Psi.', 5, 'Wanita', 'Menikah', 'Islam', 'S-1/Sarjana', 'III/b', 'Penata Muda TK. I', '2019-04-01', '1981-08-11', 'Assessor Sumber Daya Manusia Aparatur Ahli Pertama', 'JFT', NULL, NULL, 1, NULL, '2025-06-11 14:38:27', '2025-06-11 14:42:46'),
	(107, 'dc3a7fbc-4696-11f0-bbac-58549e1eb947', '196803161998031001', 'MARSUDI HIDAYAT, S.A.P.', 5, 'Pria', 'Menikah', 'Islam', 'S-1/Sarjana', 'III/a', 'Penata Muda', '2013-10-01', '1968-03-16', 'Auditor Manajemen Aparatur Sipil Negara Ahli Pertama', 'JFT', NULL, NULL, 1, NULL, '2025-06-11 14:38:27', '2025-06-11 14:42:46'),
	(108, 'dc3a800f-4696-11f0-bbac-58549e1eb947', '198407022018011001', 'DEN YANK ZARTHYN, S.H.', 5, 'Pria', 'Menikah', 'Islam', 'S-1/Sarjana', 'III/b', 'Penata Muda TK. I', '2022-04-01', '1984-07-02', 'Analis Hukum Ahli Pertama', 'JFU', NULL, NULL, 1, NULL, '2025-06-11 14:38:27', '2025-06-11 14:42:46'),
	(109, 'dc3a805f-4696-11f0-bbac-58549e1eb947', '196707271991031001', 'TEDI RUSTIAWAN', 5, 'Pria', 'Menikah', 'Islam', 'SLTA', 'III/b', 'Penata Muda TK. I', '2011-04-01', '1967-07-27', 'Pengadministrasi Kepegawaian', 'JFU', NULL, NULL, 1, NULL, '2025-06-11 14:38:27', '2025-06-11 14:42:46'),
	(110, 'dc3a80ba-4696-11f0-bbac-58549e1eb947', '199505082020122006', 'LUH WIDYA SARASWATI, S.H.', 5, 'Wanita', 'Menikah', 'Hindu', 'S-1/Sarjana', 'III/b', 'Penata Muda TK. I', '2024-12-01', '1995-05-08', 'Analis Kinerja', 'JFU', NULL, NULL, 1, NULL, '2025-06-11 14:38:27', '2025-06-11 14:42:46'),
	(111, 'dc3a8108-4696-11f0-bbac-58549e1eb947', '199203202022032003', 'SHAFIRA HANAWATI KUSUMAH, S.Psi.', 5, 'Wanita', 'Menikah', 'Islam', 'S-1/Sarjana', 'III/a', 'Penata Muda', '2022-03-01', '1992-03-20', 'Analis Pengembangan SDM Aparatur', 'JFU', NULL, NULL, 1, NULL, '2025-06-11 14:38:27', '2025-06-11 14:42:46'),
	(112, 'dc3a815a-4696-11f0-bbac-58549e1eb947', '199203112018011003', 'MOHAMAD NUR RAMANDHANU NUGROHO, S.H', 5, 'Pria', 'Menikah', 'Islam', 'S-1/Sarjana', 'III/c', 'Penata', '2018-01-01', '1992-03-11', 'Auditor Manajemen Aparatur Sipil Negara Ahli Muda', 'JFT', NULL, NULL, 1, NULL, '2025-06-11 14:38:27', '2025-06-11 14:42:46'),
	(113, 'dc3a81a8-4696-11f0-bbac-58549e1eb947', '199206112019021003', 'SUGHRON JAZILA, S.Sos.', 5, 'Pria', 'Menikah', 'Islam', 'S-1/Sarjana', 'III/b', 'Penata Muda TK. I', '2024-02-01', '1992-06-11', 'Analis Hukum Ahli Pertama', 'JFT', NULL, NULL, 1, NULL, '2025-06-11 14:38:27', '2025-06-11 14:42:46'),
	(114, 'dc3a81f3-4696-11f0-bbac-58549e1eb947', '199410062024212025', 'ALIEFA OKTAVIANA, S.E.', 5, 'Wanita', 'Belum Kawin', 'Islam', 'S-1/Sarjana', 'IX', '', '2024-04-01', '1994-10-06', 'Analis Sumber Daya Manusia Aparatur Ahli Pertama', 'JFT', NULL, NULL, 1, NULL, '2025-06-11 14:38:27', '2025-06-11 14:42:46'),
	(115, 'dc3a823c-4696-11f0-bbac-58549e1eb947', '199606132024211009', 'SATIA GUMELAR, S.I.P.', 5, 'Pria', 'Belum Kawin', 'Islam', 'S-1/Sarjana', 'IX', '', '2024-04-01', '1996-06-13', 'Analis Sumber Daya Manusia Aparatur Ahli Pertama', 'JFT', NULL, NULL, 1, NULL, '2025-06-11 14:38:27', '2025-06-11 14:42:46'),
	(116, 'dc3a828b-4696-11f0-bbac-58549e1eb947', '198612062015031002', 'HAMID MUHAMMAD GHAZALI, S.H.', 9, 'Pria', 'Menikah', 'Islam', 'S-1/Sarjana', 'III/c', 'Penata', '2019-04-01', '1986-12-06', 'Kepala UPSCPKP Serang, Assessor SDMA Ahli Pertama', 'Pengawas', NULL, NULL, 1, NULL, '2025-06-11 14:38:27', '2025-06-11 14:42:46'),
	(117, 'dc3a82d7-4696-11f0-bbac-58549e1eb947', '198806222015031002', 'HARTONO UTORO, S.Kom.', 9, 'Pria', 'Menikah', 'Islam', 'S-1/Sarjana', 'III/b', 'Penata Muda', '2024-12-01', '1988-06-22', 'Pranata Komputer Mahir', 'JFT', NULL, NULL, 1, NULL, '2025-06-11 14:38:27', '2025-06-11 14:42:46'),
	(118, 'dc3a8321-4696-11f0-bbac-58549e1eb947', '198104082015031002', 'RINAL ARIFIN HUKUBUN, A.Md.', 9, 'Pria', 'Menikah', 'Islam', 'Diploma III/ Sarjana Muda', 'III/a', 'Penata Muda', '2024-10-01', '1981-04-08', 'Pranata Sumber Daya Manusia Aparatur Mahir', 'JFT', NULL, NULL, 1, NULL, '2025-06-11 14:38:27', '2025-06-11 14:42:46'),
	(119, 'dc3a836d-4696-11f0-bbac-58549e1eb947', '198808282015031005', 'PRIADI ASHARI, S.AP.', 9, 'Pria', 'Menikah', 'Islam', 'S-1/Sarjana', 'III/a', 'Penata Muda', '2024-06-01', '1988-08-28', 'Analis Sumber Daya Manusia Aparatur Ahli Pertama', 'JFT', NULL, NULL, 1, NULL, '2025-06-11 14:38:27', '2025-06-11 14:42:46'),
	(120, 'dc3a83b9-4696-11f0-bbac-58549e1eb947', '199109032015032002', 'SITI ZULAIKHA, A.Md.', 9, 'Wanita', 'Menikah', 'Islam', 'Diploma III/ Sarjana Muda', 'III/a', 'Penata Muda', '2025-06-01', '1991-09-03', 'Pranata Komputer Terampil', 'JFT', NULL, NULL, 1, NULL, '2025-06-11 14:38:27', '2025-06-11 14:42:46'),
	(121, 'dc3a8405-4696-11f0-bbac-58549e1eb947', '199608242025062002', 'NISA NUR LATIFFAH, S.Ak.', 0, 'Wanita', 'Menikah', 'Islam', 'S-1/Sarjana', 'III/a', 'Penata Muda', '2025-06-01', '1996-08-24', 'Analis Pengelola Keuangan APBN Ahli Pertama', '', NULL, NULL, 1, NULL, '2025-06-11 14:38:27', '2025-06-11 14:42:46'),
	(122, 'dc3a8452-4696-11f0-bbac-58549e1eb947', '199205122025061002', 'MAULANA ABDUL HAFID, A.Md.', 0, 'Pria', 'Belum Kawin', 'Islam', 'Diploma III/ Sarjana Muda', 'II/c', 'Pengatur', '2025-06-01', '1992-05-12', 'Pranata Sumber Daya Manusia Aparatur Terampil', '', NULL, NULL, 1, NULL, '2025-06-11 14:38:27', '2025-06-11 14:42:46'),
	(123, 'dc3a84b8-4696-11f0-bbac-58549e1eb947', '199004192025061001', 'BANTOLO ADI YUWONO TS, SST.', 0, 'Pria', 'Belum Kawin', 'Islam', 'S-1/Sarjana', 'III/a', 'Penata Muda', '2025-06-01', '1990-04-19', 'Teknisi Sarana dan Prasarana', '', NULL, NULL, 1, NULL, '2025-06-11 14:38:27', '2025-06-11 14:42:46'),
	(124, 'dc3a8507-4696-11f0-bbac-58549e1eb947', '199502132025061001', 'RIJKI RAMDHAN, S.T.', 0, 'Pria', 'Menikah', 'Islam', 'S-1/Sarjana', 'III/a', 'Penata Muda', '2025-06-01', '1995-02-13', 'Teknisi Sarana dan Prasarana', '', NULL, NULL, 1, NULL, '2025-06-11 14:38:27', '2025-06-11 14:42:46'),
	(125, 'dc3a8554-4696-11f0-bbac-58549e1eb947', '200004142025062006', 'MARSYA APRILA TAYIBNAPIS, A.Md.Li.', 0, 'Wanita', 'Belum Kawin', 'Islam', 'Diploma III/ Sarjana Muda', 'II/c', 'Pengatur', '2025-06-01', '2000-04-14', 'Pengelola Keprotokolan', '', NULL, NULL, 1, NULL, '2025-06-11 14:38:27', '2025-06-11 14:42:46'),
	(126, 'dc3a859d-4696-11f0-bbac-58549e1eb947', '199705182025062002', 'IIN KURNIAWATI, S.I.P.', 0, 'Wanita', 'Belum Kawin', 'Islam', 'S-1/Sarjana', 'III/a', 'Penata Muda', '2025-06-01', '1997-05-18', 'Analis Sumber Daya Manusia Aparatur Ahli Pertama', '', NULL, NULL, 1, NULL, '2025-06-11 14:38:27', '2025-06-11 14:42:46'),
	(127, 'dc3a85e7-4696-11f0-bbac-58549e1eb947', '199711202025062004', 'TIARA SABILA, A.Md.Kom.', 0, 'Wanita', 'Belum Kawin', 'Islam', 'Diploma III/ Sarjana Muda', 'II/c', 'Pengatur', '2025-06-01', '1997-11-20', 'Pranata Sumber Daya Manusia Aparatur Terampil', '', NULL, NULL, 1, NULL, '2025-06-11 14:38:27', '2025-06-11 14:42:46'),
	(128, 'dc3a8634-4696-11f0-bbac-58549e1eb947', '200101132025061003', 'BAMBANG PRIAMBADHA, S.Tr.A.P.', 0, 'Pria', 'Belum Kawin', 'Islam', 'S-1/Sarjana', 'III/a', 'Penata Muda', '2025-06-01', '2001-01-13', 'Analis Sumber Daya Manusia Aparatur Ahli Pertama', '', NULL, NULL, 1, NULL, '2025-06-11 14:38:27', '2025-06-11 14:42:46'),
	(129, 'dc3a867f-4696-11f0-bbac-58549e1eb947', '199511282025062004', 'ZEVTY NOZAWATY, A.Md.', 0, 'Wanita', 'Menikah', 'Islam', 'Diploma III/ Sarjana Muda', 'II/c', 'Pengatur', '2025-06-01', '1995-11-28', 'Arsiparis Terampil', '', NULL, NULL, 1, NULL, '2025-06-11 14:38:27', '2025-06-11 14:42:46'),
	(130, 'dc3a86c9-4696-11f0-bbac-58549e1eb947', '199804102025061002', 'YOGI FIRMANSYAH, A.Md.Kom.', 0, 'Pria', 'Belum Kawin', 'Islam', 'Diploma III/ Sarjana Muda', 'II/c', 'Pengatur', '2025-06-01', '1998-04-10', 'Pranata Sumber Daya Manusia Aparatur Terampil', '', NULL, NULL, 1, NULL, '2025-06-11 14:38:27', '2025-06-11 14:42:46'),
	(131, 'dc3a8713-4696-11f0-bbac-58549e1eb947', '199106242025062002', 'REZKY ANNISSHA ZAIDAN, S.SI.', 0, 'Wanita', 'Menikah', 'Islam', 'S-1/Sarjana', 'III/a', 'Penata Muda', '2025-06-01', '1991-06-24', 'Arsiparis Ahli Pertama', '', NULL, NULL, 1, NULL, '2025-06-11 14:38:27', '2025-06-11 14:42:46'),
	(132, 'dc3a875c-4696-11f0-bbac-58549e1eb947', '200102102025061002', 'PRAMBUDHI WIBOWO PANDJI, S.Kom.', 0, 'Pria', 'Belum Kawin', 'Islam', 'S-1/Sarjana', 'III/a', 'Penata Muda', '2025-06-01', '2001-02-10', 'Pranata Komputer Ahli Pertama', '', NULL, NULL, 1, NULL, '2025-06-11 14:38:27', '2025-06-11 14:42:46'),
	(133, 'dc3a87a6-4696-11f0-bbac-58549e1eb947', '199912222025061002', 'MUHAMMAD FIKRI FADILLAH, S.T.', 0, 'Pria', 'Belum Kawin', 'Islam', 'S-1/Sarjana', 'III/a', 'Penata Muda', '2025-06-01', '1999-12-22', 'Penata Kelola Sistem dan Teknologi Informasi', '', NULL, NULL, 1, NULL, '2025-06-11 14:38:27', '2025-06-11 14:42:46'),
	(134, 'dc3a87ee-4696-11f0-bbac-58549e1eb947', '199710192025061001', 'MUHAMMAD NUGIE PRASETYO, S.T.', 0, 'Pria', 'Menikah', 'Islam', 'S-1/Sarjana', 'III/a', 'Penata Muda', '2025-06-01', '1997-10-19', 'Penata Kelola Sistem dan Teknologi Informasi', '', NULL, NULL, 1, NULL, '2025-06-11 14:38:27', '2025-06-11 14:42:46'),
	(135, 'dc3a8837-4696-11f0-bbac-58549e1eb947', '200012132025062006', 'PURRY INTAN PURBANIE, S.H.', 0, 'Wanita', 'Belum Kawin', 'Islam', 'S-1/Sarjana', 'III/a', 'Penata Muda', '2025-06-01', '2000-12-13', 'Analis Hukum Ahli Pertama', '', NULL, NULL, 1, NULL, '2025-06-11 14:38:27', '2025-06-11 14:42:46'),
	(136, 'dc3a8880-4696-11f0-bbac-58549e1eb947', '199911032025062002', 'ANNISA SAFA NADA, S.H.', 0, 'Wanita', 'Belum Kawin', 'Islam', 'S-1/Sarjana', 'III/a', 'Penata Muda', '2025-06-01', '1999-11-03', 'Auditor Manajemen Aparatur Sipil Negara Ahli Pertama', '', NULL, NULL, 1, NULL, '2025-06-11 14:38:27', '2025-06-11 14:42:46'),
	(137, 'dc3a88c8-4696-11f0-bbac-58549e1eb947', '199609262025062001', 'ROSMAWARDA YUNARYA, A.Md.', 0, 'Wanita', 'Belum Kawin', 'Islam', 'Diploma III/ Sarjana Muda', 'II/c', 'Pengatur', '2025-06-01', '1996-09-26', 'Arsiparis Terampil', '', NULL, NULL, 1, NULL, '2025-06-11 14:38:27', '2025-06-11 14:42:46'),
	(138, 'dc3a8914-4696-11f0-bbac-58549e1eb947', '200308092025061001', 'ASWANGGA BASWARA JATI, A.Md.Kom.', 0, 'Pria', 'Belum Kawin', 'Islam', 'Diploma III/ Sarjana Muda', 'II/c', 'Pengatur', '2025-06-01', '2003-08-09', 'Pranata Sumber Daya Manusia Aparatur Terampil', '', NULL, NULL, 1, NULL, '2025-06-11 14:38:27', '2025-06-11 14:42:46'),
	(139, 'dc3a895e-4696-11f0-bbac-58549e1eb947', '199408222025062001', 'IZNI ANDRIYANI MAULIDA, S.Kom.', 0, 'Wanita', 'Menikah', 'Islam', 'S-1/Sarjana', 'III/a', 'Penata Muda', '2025-06-01', '1994-08-22', 'Penata Kelola Sistem dan Teknologi Informasi', '', NULL, NULL, 1, NULL, '2025-06-11 14:38:27', '2025-06-11 14:42:46'),
	(140, 'dc3a89a8-4696-11f0-bbac-58549e1eb947', '199509202025061001', 'MUHAMAD ASEP ROHANDI, S.T.', 0, 'Pria', 'Menikah', 'Islam', 'S-1/Sarjana', 'III/a', 'Penata Muda', '2025-06-01', '1995-09-20', 'Penata Kelola Sistem dan Teknologi Informasi', '', NULL, NULL, 1, NULL, '2025-06-11 14:38:27', '2025-06-11 14:42:46'),
	(141, 'dc3a89f4-4696-11f0-bbac-58549e1eb947', '200112032025061002', 'MUHAMMAD ZHAFRAN AISYI, S.Tr.T.', 0, 'Pria', 'Belum Kawin', 'Islam', 'S-1/Sarjana', 'III/a', 'Penata Muda', '2025-06-01', '2001-12-03', 'Teknisi Sarana dan Prasarana', '', NULL, NULL, 1, NULL, '2025-06-11 14:38:27', '2025-06-11 14:42:46');
/*!40000 ALTER TABLE `data_member` ENABLE KEYS */;

-- Dumping structure for table mojang.data_status
CREATE TABLE IF NOT EXISTS `data_status` (
  `id` int(11) NOT NULL,
  `status` varchar(50) DEFAULT NULL,
  PRIMARY KEY (`id`)
) ENGINE=InnoDB DEFAULT CHARSET=utf8mb4 COLLATE=utf8mb4_unicode_520_ci;

-- Dumping data for table mojang.data_status: ~3 rows (approximately)
/*!40000 ALTER TABLE `data_status` DISABLE KEYS */;
INSERT INTO `data_status` (`id`, `status`) VALUES
	(0, 'NEW'),
	(1, 'BTS'),
	(2, 'TMS'),
	(3, 'ACC');
/*!40000 ALTER TABLE `data_status` ENABLE KEYS */;

-- Dumping structure for table mojang.email_campaigns
CREATE TABLE IF NOT EXISTS `email_campaigns` (
  `id` int(11) NOT NULL AUTO_INCREMENT,
  `name` varchar(255) NOT NULL,
  `description` text DEFAULT NULL,
  `status` enum('draft','scheduled','sending','completed','failed') DEFAULT 'draft',
  `scheduled_at` datetime DEFAULT NULL,
  `created_at` timestamp NOT NULL DEFAULT current_timestamp(),
  `updated_at` timestamp NOT NULL DEFAULT current_timestamp() ON UPDATE current_timestamp(),
  PRIMARY KEY (`id`)
) ENGINE=InnoDB DEFAULT CHARSET=utf8mb4 COLLATE=utf8mb4_unicode_520_ci;

-- Dumping data for table mojang.email_campaigns: ~0 rows (approximately)
/*!40000 ALTER TABLE `email_campaigns` DISABLE KEYS */;
/*!40000 ALTER TABLE `email_campaigns` ENABLE KEYS */;

-- Dumping structure for table mojang.email_contacts
CREATE TABLE IF NOT EXISTS `email_contacts` (
  `id` int(11) NOT NULL AUTO_INCREMENT,
  `name` varchar(255) NOT NULL,
  `email` varchar(255) NOT NULL,
  `phone` varchar(20) DEFAULT NULL,
  `status` enum('active','inactive') DEFAULT 'active',
  `created_at` timestamp NOT NULL DEFAULT current_timestamp(),
  `updated_at` timestamp NOT NULL DEFAULT current_timestamp() ON UPDATE current_timestamp(),
  PRIMARY KEY (`id`),
  UNIQUE KEY `email` (`email`)
) ENGINE=InnoDB DEFAULT CHARSET=utf8mb4 COLLATE=utf8mb4_unicode_520_ci;

-- Dumping data for table mojang.email_contacts: ~0 rows (approximately)
/*!40000 ALTER TABLE `email_contacts` DISABLE KEYS */;
/*!40000 ALTER TABLE `email_contacts` ENABLE KEYS */;

-- Dumping structure for table mojang.email_contact_groups
CREATE TABLE IF NOT EXISTS `email_contact_groups` (
  `id` int(11) NOT NULL AUTO_INCREMENT,
  `name` varchar(255) NOT NULL,
  `description` text DEFAULT NULL,
  `created_at` timestamp NOT NULL DEFAULT current_timestamp(),
  PRIMARY KEY (`id`),
  UNIQUE KEY `name` (`name`)
) ENGINE=InnoDB DEFAULT CHARSET=utf8mb4 COLLATE=utf8mb4_unicode_520_ci;

-- Dumping data for table mojang.email_contact_groups: ~0 rows (approximately)
/*!40000 ALTER TABLE `email_contact_groups` DISABLE KEYS */;
/*!40000 ALTER TABLE `email_contact_groups` ENABLE KEYS */;

-- Dumping structure for table mojang.email_contact_group_members
CREATE TABLE IF NOT EXISTS `email_contact_group_members` (
  `id` int(11) NOT NULL AUTO_INCREMENT,
  `contact_id` int(11) NOT NULL,
  `group_id` int(11) NOT NULL,
  PRIMARY KEY (`id`),
  KEY `contact_id` (`contact_id`),
  KEY `group_id` (`group_id`),
  CONSTRAINT `email_contact_group_members_ibfk_1` FOREIGN KEY (`contact_id`) REFERENCES `email_contacts` (`id`) ON DELETE CASCADE,
  CONSTRAINT `email_contact_group_members_ibfk_2` FOREIGN KEY (`group_id`) REFERENCES `email_contact_groups` (`id`) ON DELETE CASCADE
) ENGINE=InnoDB DEFAULT CHARSET=utf8mb4 COLLATE=utf8mb4_unicode_520_ci;

-- Dumping data for table mojang.email_contact_group_members: ~0 rows (approximately)
/*!40000 ALTER TABLE `email_contact_group_members` DISABLE KEYS */;
/*!40000 ALTER TABLE `email_contact_group_members` ENABLE KEYS */;

-- Dumping structure for table mojang.email_logs
CREATE TABLE IF NOT EXISTS `email_logs` (
  `id` int(11) NOT NULL AUTO_INCREMENT,
  `uid` varchar(50) NOT NULL DEFAULT uuid(),
  `datas_id` int(11) NOT NULL DEFAULT 0,
  `permit_number` varchar(50) NOT NULL DEFAULT '0',
  `recipient_email` varchar(255) NOT NULL,
  `subject` varchar(255) NOT NULL,
  `message` text NOT NULL,
  `attachment` varchar(255) DEFAULT NULL,
  `sent_status` enum('success','failed') NOT NULL,
  `error_message` text DEFAULT NULL,
  `sent_at` datetime DEFAULT current_timestamp(),
  PRIMARY KEY (`id`),
  KEY `datas_id` (`datas_id`)
) ENGINE=InnoDB DEFAULT CHARSET=utf8mb4 COLLATE=utf8mb4_unicode_520_ci;

-- Dumping data for table mojang.email_logs: ~0 rows (approximately)
/*!40000 ALTER TABLE `email_logs` DISABLE KEYS */;
/*!40000 ALTER TABLE `email_logs` ENABLE KEYS */;

-- Dumping structure for table mojang.email_settings
CREATE TABLE IF NOT EXISTS `email_settings` (
  `id` int(11) NOT NULL AUTO_INCREMENT,
  `setting_key` varchar(255) NOT NULL,
  `param` varchar(255) NOT NULL,
  `setting_value` text NOT NULL,
  `created_at` timestamp NOT NULL DEFAULT current_timestamp(),
  `updated_at` timestamp NOT NULL DEFAULT current_timestamp() ON UPDATE current_timestamp(),
  PRIMARY KEY (`id`)
) ENGINE=InnoDB AUTO_INCREMENT=10 DEFAULT CHARSET=utf8mb4 COLLATE=utf8mb4_unicode_520_ci;

-- Dumping data for table mojang.email_settings: ~5 rows (approximately)
/*!40000 ALTER TABLE `email_settings` DISABLE KEYS */;
INSERT INTO `email_settings` (`id`, `setting_key`, `param`, `setting_value`, `created_at`, `updated_at`) VALUES
	(3, 'email_active', '', '1', '2025-03-08 05:30:22', '2025-03-09 16:21:44'),
	(4, 'reminder_days', 'E-VISA', '1,7,14,30', '2025-03-08 05:30:36', '2025-03-09 16:20:28'),
	(5, 'reminder_days', 'KITAS', '1,30,45,60', '2025-03-08 05:30:44', '2025-03-09 16:20:28'),
	(8, 'email_reminder_to', '', 'alialmansyr@gmail.com', '2025-03-08 06:00:10', '2025-03-09 16:20:39'),
	(9, 'email_blast_users', '', '0', '2025-03-08 06:00:29', '2025-05-28 14:41:40');
/*!40000 ALTER TABLE `email_settings` ENABLE KEYS */;

-- Dumping structure for table mojang.email_smtp_settings
CREATE TABLE IF NOT EXISTS `email_smtp_settings` (
  `id` int(11) NOT NULL AUTO_INCREMENT,
  `smtp_host` varchar(255) NOT NULL,
  `smtp_port` int(11) NOT NULL,
  `smtp_user` varchar(255) NOT NULL,
  `smtp_pass` varchar(255) NOT NULL,
  `encryption` enum('tls','ssl','none') DEFAULT 'tls',
  `from_email` varchar(255) NOT NULL,
  `from_name` varchar(255) NOT NULL,
  `status` enum('active','inactive') DEFAULT 'active',
  `created_at` timestamp NOT NULL DEFAULT current_timestamp(),
  `updated_at` timestamp NOT NULL DEFAULT current_timestamp() ON UPDATE current_timestamp(),
  PRIMARY KEY (`id`)
) ENGINE=InnoDB DEFAULT CHARSET=utf8mb4 COLLATE=utf8mb4_unicode_520_ci;

-- Dumping data for table mojang.email_smtp_settings: ~0 rows (approximately)
/*!40000 ALTER TABLE `email_smtp_settings` DISABLE KEYS */;
/*!40000 ALTER TABLE `email_smtp_settings` ENABLE KEYS */;

-- Dumping structure for table mojang.email_templates
CREATE TABLE IF NOT EXISTS `email_templates` (
  `id` int(11) NOT NULL AUTO_INCREMENT,
  `name` varchar(255) NOT NULL,
  `subject` varchar(255) NOT NULL,
  `greeting` varchar(255) NOT NULL,
  `header` text NOT NULL,
  `body` text NOT NULL,
  `footer` text NOT NULL,
  `signature` text NOT NULL,
  `created_at` timestamp NOT NULL DEFAULT current_timestamp(),
  `updated_at` timestamp NOT NULL DEFAULT current_timestamp() ON UPDATE current_timestamp(),
  PRIMARY KEY (`id`)
) ENGINE=InnoDB DEFAULT CHARSET=utf8mb4 COLLATE=utf8mb4_unicode_520_ci;

-- Dumping data for table mojang.email_templates: ~0 rows (approximately)
/*!40000 ALTER TABLE `email_templates` DISABLE KEYS */;
/*!40000 ALTER TABLE `email_templates` ENABLE KEYS */;

-- Dumping structure for table mojang.txn_enroll
CREATE TABLE IF NOT EXISTS `txn_enroll` (
  `id` int(11) NOT NULL AUTO_INCREMENT,
  `nip` varchar(30) DEFAULT NULL,
  `layanan_id` int(11) DEFAULT NULL,
  `target` int(11) DEFAULT NULL,
  `satuan` varchar(50) DEFAULT NULL,
  `status` int(11) DEFAULT 1,
  `created_at` timestamp NULL DEFAULT current_timestamp(),
  `updated_at` timestamp NULL DEFAULT current_timestamp() ON UPDATE current_timestamp(),
  PRIMARY KEY (`id`),
  KEY `layanan_id` (`layanan_id`),
  KEY `user_id` (`nip`) USING BTREE
) ENGINE=InnoDB AUTO_INCREMENT=10 DEFAULT CHARSET=utf8mb4 COLLATE=utf8mb4_unicode_520_ci;

-- Dumping data for table mojang.txn_enroll: ~7 rows (approximately)
/*!40000 ALTER TABLE `txn_enroll` DISABLE KEYS */;
INSERT INTO `txn_enroll` (`id`, `nip`, `layanan_id`, `target`, `satuan`, `status`, `created_at`, `updated_at`) VALUES
	(1, '199707252024211004', 5, NULL, NULL, 1, '2025-07-03 05:43:22', '2025-07-02 22:43:22'),
	(3, '199707252024211004', 8, 10, '%', 1, '2025-07-03 05:43:22', '2025-07-04 03:55:33'),
	(4, '199707252024211004', 9, NULL, NULL, 1, '2025-07-03 05:43:23', '2025-07-02 22:43:24'),
	(6, '199707252024211004', 10, NULL, NULL, 1, '2025-07-02 22:46:10', '2025-07-02 22:46:10'),
	(7, '199302182024211006', 8, 20, '%', 1, '2025-07-04 03:54:13', '2025-07-04 03:55:32'),
	(8, '199407022024212020', 8, 20, '%', 1, '2025-07-04 03:54:40', '2025-07-04 03:55:31'),
	(9, '197104101991032001', 8, 50, '%', 1, '2025-07-04 03:55:14', '2025-07-04 03:55:26');
/*!40000 ALTER TABLE `txn_enroll` ENABLE KEYS */;

-- Dumping structure for table mojang.txn_layanan_kp
CREATE TABLE IF NOT EXISTS `txn_layanan_kp` (
  `id` int(11) NOT NULL AUTO_INCREMENT,
  `uid` varchar(50) DEFAULT uuid(),
  `nip` varchar(50) DEFAULT NULL,
  `nama` varchar(100) DEFAULT NULL,
  `jenis_kp` varchar(100) DEFAULT NULL,
  `jenis_prosedur` varchar(50) DEFAULT NULL,
  `instansi_temp` varchar(100) DEFAULT NULL,
  `instansi_id` int(11) DEFAULT NULL,
  `verified_by` varchar(30) DEFAULT NULL,
  `received_date` date DEFAULT NULL,
  `pertek_num` varchar(30) DEFAULT NULL,
  `pertek_date` date DEFAULT NULL,
  `received_last_date` date DEFAULT NULL,
  `approved_date` date DEFAULT NULL,
  `status` int(11) DEFAULT NULL,
  `created_by` int(11) DEFAULT NULL,
  `created_at` timestamp NOT NULL DEFAULT current_timestamp(),
  `updated_at` timestamp NOT NULL DEFAULT current_timestamp() ON UPDATE current_timestamp(),
  PRIMARY KEY (`id`),
  KEY `verified_by` (`verified_by`)
) ENGINE=InnoDB AUTO_INCREMENT=22 DEFAULT CHARSET=utf8mb4 COLLATE=utf8mb4_unicode_520_ci;

-- Dumping data for table mojang.txn_layanan_kp: ~21 rows (approximately)
/*!40000 ALTER TABLE `txn_layanan_kp` DISABLE KEYS */;
INSERT INTO `txn_layanan_kp` (`id`, `uid`, `nip`, `nama`, `jenis_kp`, `jenis_prosedur`, `instansi_temp`, `instansi_id`, `verified_by`, `received_date`, `pertek_num`, `pertek_date`, `received_last_date`, `approved_date`, `status`, `created_by`, `created_at`, `updated_at`) VALUES
	(1, '7925fc5b-57e6-11f0-a38c-16a22570c4c4', '199105012022031005', 'ARIEF SHOLEHUDDIN SHIDDIEQ', 'Kenaikan Pangkat Jabatan Fungsional', 'Gol III D Ke Bawah', 'Pemerintah Kab. Karawang', 134, '199707252024211004', '2025-07-04', NULL, NULL, NULL, NULL, 0, 11, '2025-07-04 08:19:43', '2025-07-04 07:55:22'),
	(2, '7925fff7-57e6-11f0-a38c-16a22570c4c4', '199204042022032004', 'RISTI ANGGRAENI', 'Kenaikan Pangkat Jabatan Fungsional', 'Gol III D Ke Bawah', 'Pemerintah Kab. Karawang', 134, '199707252024211004', '2025-07-04', NULL, NULL, NULL, NULL, 0, 11, '2025-07-04 08:19:43', '2025-07-04 07:54:24'),
	(3, '79260157-57e6-11f0-a38c-16a22570c4c4', '196809292014122001', 'NURHAYATI', 'Kenaikan Pangkat Jabatan Fungsional', 'Gol IV/a - IV/b', 'Pemerintah Kab. Karawang', 134, '199707252024211004', '2025-07-04', NULL, NULL, NULL, NULL, 0, 11, '2025-07-04 08:19:43', '2025-07-04 07:54:36'),
	(4, '79260185-57e6-11f0-a38c-16a22570c4c4', '198204122008012008', 'NENG NURAENI', 'Kenaikan Pangkat Jabatan Fungsional', 'Gol III D Ke Bawah', 'Pemerintah Kab. Purwakarta', 334, '199707252024211004', '2025-07-04', NULL, NULL, NULL, NULL, 0, 11, '2025-07-04 08:19:43', '2025-07-04 07:57:30'),
	(5, '792601a1-57e6-11f0-a38c-16a22570c4c4', '197604052014071001', 'ADE SUANDI', 'Kenaikan Pangkat Memperoleh Ijazah/Penyesuaian Ijazah', 'Gol III D Ke Bawah', 'Pemerintah Kab. Cianjur', 133, '199707252024211004', '2025-07-04', NULL, NULL, NULL, NULL, 0, 11, '2025-07-04 08:19:43', '2025-07-04 08:01:33'),
	(6, '792601b9-57e6-11f0-a38c-16a22570c4c4', '197603082007011003', 'DENY DERMAWAN ILYAS', 'Kenaikan Pangkat Struktural', 'Gol III D Ke Bawah', 'Pemerintah Kab. Sumedang', 136, '199707252024211004', '2025-07-04', NULL, NULL, NULL, NULL, 0, 11, '2025-07-04 08:19:43', '2025-07-04 07:59:58'),
	(7, '792601d5-57e6-11f0-a38c-16a22570c4c4', '199112242014041001', 'ERICK DWIYANTO', 'Kenaikan Pangkat Jabatan Fungsional', 'Gol III D Ke Bawah', 'Pemerintah Kab. Bandung Barat', 139, '199707252024211004', '2025-07-04', NULL, NULL, NULL, NULL, 0, 11, '2025-07-04 08:19:43', '2025-07-04 07:55:09'),
	(8, '5f6e9b1a-57ee-11f0-a38c-16a22570c4c4', '199105012022031005', 'ARIEF SHOLEHUDDIN SHIDDIEQ', 'Kenaikan Pangkat Jabatan Fungsional', 'Gol III D Ke Bawah', 'Pemerintah Kab. Karawang', 134, '199707252024211004', '2025-07-04', NULL, NULL, NULL, NULL, 0, 11, '2025-07-04 08:19:43', '2025-07-04 08:01:52'),
	(9, '5f6ed20f-57ee-11f0-a38c-16a22570c4c4', '199204042022032004', 'RISTI ANGGRAENI', 'Kenaikan Pangkat Jabatan Fungsional', 'Gol III D Ke Bawah', 'Pemerintah Kab. Karawang', 134, '199707252024211004', '2025-07-04', NULL, NULL, NULL, NULL, 0, 11, '2025-07-04 08:19:43', '2025-07-04 08:00:10'),
	(10, '5f6ed33f-57ee-11f0-a38c-16a22570c4c4', '196809292014122001', 'NURHAYATI', 'Kenaikan Pangkat Jabatan Fungsional', 'Gol IV/a - IV/b', 'Pemerintah Kab. Karawang', 134, '199707252024211004', '2025-07-04', NULL, NULL, NULL, NULL, 0, 11, '2025-07-04 08:19:43', '2025-07-04 07:57:59'),
	(11, '5f6ed390-57ee-11f0-a38c-16a22570c4c4', '198204122008012008', 'NENG NURAENI', 'Kenaikan Pangkat Jabatan Fungsional', 'Gol III D Ke Bawah', 'Pemerintah Kab. Purwakarta', 334, '199707252024211004', '2025-07-04', NULL, NULL, NULL, NULL, 0, 11, '2025-07-04 08:19:43', '2025-07-04 08:02:07'),
	(12, '5f6ed3d2-57ee-11f0-a38c-16a22570c4c4', '197604052014071001', 'ADE SUANDI', 'Kenaikan Pangkat Memperoleh Ijazah/Penyesuaian Ijazah', 'Gol III D Ke Bawah', 'Pemerintah Kab. Cianjur', 133, '199707252024211004', '2025-07-04', NULL, NULL, NULL, NULL, 0, 11, '2025-07-04 08:19:43', '2025-07-04 07:57:19'),
	(13, '5f6ed41b-57ee-11f0-a38c-16a22570c4c4', '197603082007011003', 'DENY DERMAWAN ILYAS', 'Kenaikan Pangkat Struktural', 'Gol III D Ke Bawah', 'Pemerintah Kab. Sumedang', 136, '199707252024211004', '2025-07-04', NULL, NULL, NULL, NULL, 0, 11, '2025-07-04 08:19:43', '2025-07-04 07:56:41'),
	(14, '5f6ed45a-57ee-11f0-a38c-16a22570c4c4', '199112242014041001', 'ERICK DWIYANTO', 'Kenaikan Pangkat Jabatan Fungsional', 'Gol III D Ke Bawah', 'Pemerintah Kab. Bandung Barat', 139, '199707252024211004', '2025-07-04', NULL, NULL, NULL, NULL, 0, 11, '2025-07-04 08:19:43', '2025-07-04 07:57:25'),
	(15, 'e4281526-58ad-11f0-99d7-7ac1f84e87f8', '199105012022031005', 'ARIEF SHOLEHUDDIN SHIDDIEQ', 'Kenaikan Pangkat Jabatan Fungsional', 'Gol III D Ke Bawah', 'Pemerintah Kab. Karawang', 134, '1997072520242111004', '2025-06-30', NULL, NULL, NULL, NULL, 0, 11, '2025-07-04 08:07:12', '2025-07-04 08:07:12'),
	(16, 'e4281b18-58ad-11f0-99d7-7ac1f84e87f8', '199204042022032004', 'RISTI ANGGRAENI', 'Kenaikan Pangkat Jabatan Fungsional', 'Gol III D Ke Bawah', 'Pemerintah Kab. Karawang', 134, '1997072520242111004', '2025-06-30', NULL, NULL, NULL, NULL, 0, 11, '2025-07-04 08:07:12', '2025-07-04 08:07:12'),
	(17, 'e4281b6a-58ad-11f0-99d7-7ac1f84e87f8', '196809292014122001', 'NURHAYATI', 'Kenaikan Pangkat Jabatan Fungsional', 'Gol IV/a - IV/b', 'Pemerintah Kab. Karawang', 134, '1997072520242111004', '2025-06-30', NULL, NULL, NULL, NULL, 0, 11, '2025-07-04 08:07:12', '2025-07-04 08:07:12'),
	(18, 'e4281b96-58ad-11f0-99d7-7ac1f84e87f8', '198204122008012008', 'NENG NURAENI', 'Kenaikan Pangkat Jabatan Fungsional', 'Gol III D Ke Bawah', 'Pemerintah Kab. Purwakarta', 334, '1997072520242111004', '2025-06-30', NULL, NULL, NULL, NULL, 0, 11, '2025-07-04 08:07:12', '2025-07-04 08:07:12'),
	(19, 'e4281bbe-58ad-11f0-99d7-7ac1f84e87f8', '197604052014071001', 'ADE SUANDI', 'Kenaikan Pangkat Memperoleh Ijazah/Penyesuaian Ijazah', 'Gol III D Ke Bawah', 'Pemerintah Kab. Cianjur', 133, '1997072520242111004', '2025-06-30', NULL, NULL, NULL, NULL, 0, 11, '2025-07-04 08:07:12', '2025-07-04 08:07:12'),
	(20, 'e4281be2-58ad-11f0-99d7-7ac1f84e87f8', '197603082007011003', 'DENY DERMAWAN ILYAS', 'Kenaikan Pangkat Struktural', 'Gol III D Ke Bawah', 'Pemerintah Kab. Sumedang', 136, '1997072520242111004', '2025-06-30', NULL, NULL, NULL, NULL, 0, 11, '2025-07-04 08:07:12', '2025-07-04 08:07:12'),
	(21, 'e4281bfe-58ad-11f0-99d7-7ac1f84e87f8', '199112242014041001', 'ERICK DWIYANTO', 'Kenaikan Pangkat Jabatan Fungsional', 'Gol III D Ke Bawah', 'Pemerintah Kab. Bandung Barat', 139, '1997072520242111004', '2025-06-30', NULL, NULL, NULL, NULL, 0, 11, '2025-07-04 08:07:12', '2025-07-04 08:07:12');
/*!40000 ALTER TABLE `txn_layanan_kp` ENABLE KEYS */;

-- Dumping structure for table mojang.txn_layanan_kp_log
CREATE TABLE IF NOT EXISTS `txn_layanan_kp_log` (
  `id` int(11) NOT NULL AUTO_INCREMENT,
  `kp_id` int(11) DEFAULT NULL,
  `verified_by` varchar(50) DEFAULT NULL,
  `status` int(11) DEFAULT NULL,
  `reason` text DEFAULT NULL,
  `created_at` timestamp NULL DEFAULT current_timestamp(),
  `updated_at` timestamp NULL DEFAULT current_timestamp() ON UPDATE current_timestamp(),
  PRIMARY KEY (`id`),
  KEY `kp_id` (`kp_id`)
) ENGINE=InnoDB DEFAULT CHARSET=utf8mb4 COLLATE=utf8mb4_unicode_520_ci;

-- Dumping data for table mojang.txn_layanan_kp_log: ~0 rows (approximately)
/*!40000 ALTER TABLE `txn_layanan_kp_log` DISABLE KEYS */;
/*!40000 ALTER TABLE `txn_layanan_kp_log` ENABLE KEYS */;

-- Dumping structure for table mojang.txn_layanan_kp_target
CREATE TABLE IF NOT EXISTS `txn_layanan_kp_target` (
  `id` int(11) NOT NULL AUTO_INCREMENT,
  `layanan_id` int(11) NOT NULL DEFAULT 0,
  `task_date` date DEFAULT NULL,
  `nip` varchar(50) DEFAULT NULL,
  `total` int(11) DEFAULT NULL,
  `target` double DEFAULT NULL,
  `allocated` int(11) DEFAULT NULL,
  `created_at` timestamp NULL DEFAULT current_timestamp(),
  `updated_at` timestamp NULL DEFAULT current_timestamp() ON UPDATE current_timestamp(),
  PRIMARY KEY (`id`),
  KEY `layanan_id` (`layanan_id`)
) ENGINE=InnoDB AUTO_INCREMENT=5 DEFAULT CHARSET=utf8mb4 COLLATE=utf8mb4_unicode_520_ci;

-- Dumping data for table mojang.txn_layanan_kp_target: ~4 rows (approximately)
/*!40000 ALTER TABLE `txn_layanan_kp_target` DISABLE KEYS */;
INSERT INTO `txn_layanan_kp_target` (`id`, `layanan_id`, `task_date`, `nip`, `total`, `target`, `allocated`, `created_at`, `updated_at`) VALUES
	(1, 8, '2025-07-04', '199407022024212020', 14, 20, 3, '2025-07-04 07:16:47', '2025-07-04 07:16:47'),
	(2, 8, '2025-07-04', '199302182024211006', 14, 20, 3, '2025-07-04 07:16:47', '2025-07-04 07:16:47'),
	(3, 8, '2025-07-04', '199707252024211004', 14, 10, 1, '2025-07-04 07:16:47', '2025-07-04 07:38:10'),
	(4, 8, '2025-07-04', '197104101991032001', 14, 50, 7, '2025-07-04 07:16:47', '2025-07-04 07:16:47');
/*!40000 ALTER TABLE `txn_layanan_kp_target` ENABLE KEYS */;

/*!40101 SET SQL_MODE=IFNULL(@OLD_SQL_MODE, '') */;
/*!40014 SET FOREIGN_KEY_CHECKS=IF(@OLD_FOREIGN_KEY_CHECKS IS NULL, 1, @OLD_FOREIGN_KEY_CHECKS) */;
/*!40101 SET CHARACTER_SET_CLIENT=@OLD_CHARACTER_SET_CLIENT */;
/*!40111 SET SQL_NOTES=@OLD_SQL_NOTES */;
